Date,Average Open Price (USD),Average High Price (USD),Average Low Price (USD),Average Close Price (USD)
2014-01-07,906.3868666666667,921.2525766666668,795.3333333333334,795.3333333333334
2014-01-08,792.0,862.5600366666667,774.6666666666666,825.65679
2014-01-09,827.7417833333334,856.0,794.0425466666666,838.8764466666667
2014-01-10,832.8228666666668,851.1629200000001,816.4628666666666,848.2295866666667
2014-01-11,869.61,909.42947,867.22518,897.77075
2014-01-12,895.6537133333333,899.3132966666667,849.18667,864.0500000000001
2014-01-13,845.9837733333334,853.7773966666667,805.5031666666667,825.4665
2014-01-14,828.9444666666667,849.2342,806.7059666666668,824.6149666666666
2014-01-15,827.5124999999999,852.1509666666667,822.3081666666667,843.6240466666667
2014-01-16,847.0675,853.6875,818.8087333333333,821.7902566666667
2014-01-17,819.5088,825.5851899999999,780.6666666666666,796.7333333333332
2014-01-18,806.6251266666667,825.42053,800.91358,809.8366666666667
2014-01-19,816.1700000000001,840.3233333333334,808.2507333333333,835.69
2014-01-20,838.82008,843.6707333333334,813.4427999999999,831.0454633333334
2014-01-21,825.34,835.0711299999999,809.4378333333333,821.3000000000001
2014-01-22,820.2933333333334,822.1738133333333,809.6666666666666,819.0299966666666
2014-01-23,820.1999999999999,824.7229966666667,808.7925999999999,819.6994566666666
2014-01-24,813.9463233333332,815.7414233333334,774.3994333333334,788.2952833333334
2014-01-25,792.9501533333333,819.0,785.9705933333333,809.6066666666666
2014-01-26,809.6638333333334,832.6385999999999,779.6700000000001,817.0405300000001
2014-01-27,817.4378733333333,824.6475333333333,754.0,764.0785
2014-01-28,770.2433333333333,818.3218,761.6700000000001,799.6633333333333
2014-01-29,796.8314999999999,810.3919033333333,786.8525666666666,796.4033333333333
2014-01-30,797.0110666666666,810.5396833333334,781.0267,803.9792333333334
2014-01-31,803.2210333333333,808.6363299999999,794.6,805.0634566666668
2014-02-01,804.0775466666668,825.6766000000001,802.64417,817.6266
2014-02-02,821.11,830.105,812.547155,814.9271550000001
2014-02-03,812.1937366666666,816.3051999999999,801.93927,812.7599999999999
2014-02-04,808.5952666666667,815.3315333333334,801.5596666666667,806.13
2014-02-05,803.8000000000001,811.2997799999999,789.4666666666667,791.9433333333333
2014-02-06,791.8366666666667,799.9090433333334,762.5362799999999,767.7173466666667
2014-02-07,763.1583666666667,765.569,654.1167966666667,713.0440199999999
2014-02-08,705.4737266666666,723.1495333333334,677.34,689.9308500000001
2014-02-09,691.8190833333333,743.8399333333333,684.55096,695.4566666666666
2014-02-10,698.27871,733.3333333333334,574.0,694.7772
2014-02-11,705.8466666666667,733.8882,648.0869333333334,682.8444366666666
2014-02-12,692.6862666666666,695.4162666666666,644.2963366666667,669.2186333333333
2014-02-13,664.3251,670.6451000000001,609.0565,620.7704733333334
2014-02-14,620.1582766666667,715.6333333333333,563.2133333333334,673.77988
2014-02-15,663.42438,670.5467600000001,641.9189633333334,656.1655666666667
2014-02-16,657.2125466666666,662.94162,599.3366666666667,617.91037
2014-02-17,627.7540166666666,669.2994433333333,609.8918133333333,645.2038666666666
2014-02-18,644.4522833333334,654.1691266666667,618.33,630.7400333333334
2014-02-19,632.2698,637.9952,615.96889,627.8605966666665
2014-02-20,629.25038,635.1208,565.62004,567.2942066666667
2014-02-21,564.77524,592.5178366666667,542.0812233333334,573.8748
2014-02-22,583.2739666666666,614.5166666666667,564.4791233333334,605.3800266666667
2014-02-23,606.2063466666667,640.1107533333333,599.4741600000001,615.3233333333334
2014-02-24,606.04687,614.3902633333333,539.0289266666667,556.6402333333334
2014-02-25,551.6244133333333,560.2977966666666,425.0,528.5327699999999
2014-02-26,541.3016366666666,618.1567333333334,538.2995366666667,584.83711
2014-02-27,592.2599133333333,607.4744,572.48,586.1620966666667
2014-02-28,583.0883466666668,593.5635,551.9619,563.6103966666666
2014-03-01,562.2666666666667,584.2577,548.3333333333334,570.2297333333333
2014-03-02,571.12,580.8534666666666,561.8044633333334,568.2866666666667
2014-03-03,573.5377733333333,698.3333333333334,571.8332399999999,667.5445
2014-03-04,669.1368666666667,699.0799999999999,649.2460833333333,673.8666666666667
2014-03-05,670.6233333333333,681.9795033333334,656.6366666666667,675.3266666666667
2014-03-06,670.8181666666666,681.2366666666667,655.6999999999999,666.42471
2014-03-07,667.5509666666667,671.1543333333333,618.72682,629.9968266666666
2014-03-08,634.2347633333334,642.9265099999999,609.2499666666666,623.3814333333333
2014-03-09,624.3002,644.0,617.1511633333333,636.3116333333334
2014-03-10,633.7966666666666,650.6966666666667,617.2800000000001,628.8219
2014-03-11,629.9847433333333,641.7914099999999,595.89,629.3666666666667
2014-03-12,631.6216833333333,655.65,598.025,639.08698
2014-03-13,637.6297,651.04367,628.5033666666667,645.46586
2014-03-14,642.4491933333333,646.2946166666667,601.7633333333333,630.5531833333333
2014-03-15,633.0433333333334,642.5066666666667,626.8343766666667,641.6266666666667
2014-03-16,641.2423,643.8299999999999,634.3433333333334,640.65
2014-03-17,637.04383,637.2771633333333,619.8203366666667,627.72376
2014-03-18,624.6833333333334,627.3496666666666,604.0099999999999,616.7176933333334
2014-03-19,619.58,626.8443333333333,609.4433333333333,614.0873333333334
2014-03-20,613.6988633333334,625.17596,584.0466666666666,587.1533333333333
2014-03-21,585.5333333333333,609.5088466666666,568.2666666666667,576.2666666666667
2014-03-22,573.33,576.9499999999999,548.35,565.8697266666667
2014-03-23,570.3263233333333,578.5933333333334,563.0993466666666,565.24507
2014-03-24,564.2733333333334,591.7129033333334,551.16818,587.1300833333333
2014-03-25,585.4933333333333,588.42991,575.6533333333333,583.26
2014-03-26,580.9399999999999,609.3804966666667,571.3333333333334,587.1917
2014-03-27,582.9933333333333,590.0645933333334,488.2133333333333,495.4396
2014-03-28,502.57139333333333,536.6666666666666,486.09999999999997,505.3103566666667
2014-03-29,506.51997,511.0,494.31666666666666,499.6333333333334
2014-03-30,497.0584966666667,497.06183000000004,437.4745833333333,462.19200333333333
2014-03-31,469.12095,500.56666666666666,441.49333333333334,456.40530999999993
2014-04-01,460.1566133333333,499.73703666666665,456.2266666666667,483.6033333333333
2014-04-02,482.3866666666667,494.21226666666666,436.47166666666664,441.98499999999996
2014-04-03,439.84,463.5833333333333,421.52140333333335,453.8866666666666
2014-04-04,448.8634466666667,489.21000000000004,434.98,453.67716
2014-04-05,452.1281833333333,464.48333333333335,444.66984333333335,464.48333333333335
2014-04-06,465.3126666666667,465.91277999999994,451.2966666666667,457.25942333333336
2014-04-07,461.8904166666667,467.71016333333336,447.0,454.46315333333337
2014-04-08,455.80806666666666,461.2914,448.33,453.7315633333333
2014-04-09,455.91795666666667,458.12010333333336,442.6933333333333,445.72950999999995
2014-04-10,443.98,444.2366666666667,365.23557666666665,368.30116666666663
2014-04-11,362.06809,480.99109,339.5160133333333,423.42
2014-04-12,423.92,439.8333333333333,418.24333666666666,428.8066666666667
2014-04-13,422.97000333333335,429.57666333333333,402.8183033333333,416.7699666666667
2014-04-14,410.2594266666667,473.0217566666667,407.49609333333336,456.1857866666667
2014-04-15,462.04328000000004,539.1397566666666,452.3395933333333,523.7046266666666
2014-04-16,520.97103,538.4526466666666,494.52526000000006,525.2600566666666
2014-04-17,524.11339,528.8028733333333,489.38678666666664,501.54929666666663
2014-04-18,501.36073000000005,508.78000000000003,476.9201166666667,486.34122666666667
2014-04-19,485.2879666666667,514.2374166666667,479.1599033333334,504.43018
2014-04-20,507.13014999999996,512.9933333333333,501.0,505.7280733333334
2014-04-21,505.69,514.1034133333334,490.25666666666666,496.7189433333333
2014-04-22,499.60558666666674,505.4633333333333,485.9407966666667,489.24147666666664
2014-04-23,492.57081,495.93153666666666,484.5366666666667,492.60899666666666
2014-04-24,490.98,501.9937733333333,483.33333666666664,501.06043999999997
2014-04-25,497.30541,498.3487433333333,444.42333,465.98345666666665
2014-04-26,466.95667000000003,471.19518999999997,453.89333333333326,460.56724
2014-04-27,460.9672333333333,462.0505666666666,435.4666666666667,435.48333333333335
2014-04-28,433.0,451.75140000000005,428.69513333333333,444.99821999999995
2014-04-29,441.0748866666667,453.03109333333333,433.0709,442.55989
2014-04-30,448.02818666666667,452.27146,438.2700933333333,448.4877266666667
2014-05-01,449.27,464.43255666666664,448.9166666666667,459.76489666666663
2014-05-02,458.6868133333333,459.56681333333336,446.00136999999995,454.3879366666667
2014-05-03,451.42633333333333,452.85912333333334,432.0118333333333,440.1917133333333
2014-05-04,438.4135533333333,442.95467,430.52879666666666,436.9699966666667
2014-05-05,436.29468333333335,441.6266633333333,426.8933333333334,429.73
2014-05-06,429.1233333333333,435.06324666666666,420.74333333333334,429.95984
2014-05-07,430.28983666666664,451.15474,427.72424666666666,439.96205000000003
2014-05-08,442.5770733333334,449.69325333333336,439.64300000000003,442.91724666666664
2014-05-09,440.4696666666667,456.10404666666665,439.66966666666667,449.66501
2014-05-10,451.80167666666665,456.49666666666667,448.3289,453.8260133333333
2014-05-11,452.6051466666666,452.7718133333333,431.00935,437.83223
2014-05-12,436.44919333333337,443.33057,432.2576633333333,441.1059533333334
2014-05-13,442.0799666666667,442.16996666666665,433.57999666666666,439.0496666666666
2014-05-14,439.0496666666666,446.49333333333334,437.0463333333334,445.17333333333335
2014-05-15,441.65334,448.08567999999997,440.97000333333335,445.8590133333334
2014-05-16,445.1233333333333,449.74745333333334,444.5333333333333,447.80745333333334
2014-05-17,447.02999666666665,449.4374533333333,442.1933366666667,448.28745333333336
2014-05-18,445.10666999999995,447.99335,442.1166666666666,443.74
2014-05-19,440.83000000000004,445.0,432.595,443.655
2014-05-20,446.1116666666667,492.94665333333336,445.71166666666664,486.12583666666666
2014-05-21,487.59,492.25647000000004,484.58194333333336,488.80151333333333
2014-05-22,488.4348466666667,522.3333333333334,487.7248466666667,520.7633333333333
2014-05-23,522.33,541.6480766666667,511.55384,518.26283
2014-05-24,514.7035,521.35333,510.2019566666666,520.2466633333333
2014-05-25,522.0899966666667,582.4466666666667,521.6399966666667,571.36661
2014-05-26,571.12968,587.5628233333333,564.1522233333334,580.02663
2014-05-27,580.2233,589.8869933333334,548.90664,572.7451233333333
2014-05-28,573.0884466666666,583.82,564.0252966666667,577.8341066666666
2014-05-29,575.64057,577.79057,564.2771833333333,571.9506
2014-05-30,577.6206033333333,629.0017799999999,574.9033533333333,622.0267333333333
2014-05-31,617.9043,631.0451666666667,611.1632866666667,630.8118333333333
2014-06-01,630.9333333333333,681.3275433333333,621.7740566666666,635.48582
2014-06-02,637.2663633333333,675.2130633333333,619.58739,663.5733333333334
2014-06-03,666.1229433333333,684.2629933333333,655.6243633333333,674.81646
2014-06-04,671.8822333333334,673.4522333333333,595.62,647.78558
2014-06-05,647.6189133333332,669.7933166666667,646.71224,660.58
2014-06-06,659.8233333333334,662.71,651.7375533333334,651.8542233333333
2014-06-07,649.7369333333332,659.9766666666666,639.7700266666667,659.9766666666666
2014-06-08,657.3484433333333,663.0366666666666,652.567,658.9292433333334
2014-06-09,658.81508,659.44531,643.1436966666666,648.6660033333334
2014-06-10,648.7460033333333,659.3750766666667,644.2960033333334,649.6932866666666
2014-06-11,651.9108033333333,653.1908033333333,623.3648433333333,625.1981766666667
2014-06-12,630.0514033333333,635.84075,557.0300033333333,576.7483533333333
2014-06-13,579.7699966666665,614.9586666666668,568.5060633333334,588.0912866666667
2014-06-14,586.6208566666667,592.67,542.22399,562.0436666666666
2014-06-15,568.2859400000001,586.72059,545.2319666666666,584.9772566666667
2014-06-16,587.4446633333333,607.97059,578.72844,588.0156666666667
2014-06-17,587.66234,611.1441866666668,581.09,609.9013333333334
2014-06-18,610.3946666666667,620.6933333333333,602.3666666666667,608.1297066666667
2014-06-19,606.4666666666666,616.9279833333334,594.7916666666666,597.1102066666666
2014-06-20,595.02401,601.4913333333333,583.3393333333333,594.3076933333333
2014-06-21,592.4136133333333,598.3682633333333,584.4343333333333,594.4958
2014-06-22,593.6926666666667,609.1280466666667,592.5226666666667,601.4595499999999
2014-06-23,600.1190033333334,600.3423366666666,585.7938433333334,590.63051
2014-06-24,591.4306666666666,593.11598,577.7431166666667,582.0179066666667
2014-06-25,578.0,579.9000033333333,559.984,564.2983333333333
2014-06-26,567.44767,580.7072666666667,565.8810033333333,577.94015
2014-06-27,582.7796033333334,602.0599966666667,577.1166666666667,601.2875533333332
2014-06-28,599.7673566666666,606.354,593.2909366666667,593.2909366666667
2014-06-29,596.8511766666667,603.6906666666667,593.4412833333333,597.76795
2014-06-30,597.7046666666666,646.0302933333334,596.2546666666666,639.3733333333333
2014-07-01,644.9666666666667,659.5710633333333,638.688,643.0066666666667
2014-07-02,642.2766666666666,657.5101533333333,639.0,648.3265766666667
2014-07-03,648.1509266666667,653.2905366666666,639.4665,645.7111166666667
2014-07-04,648.6611166666667,651.0899966666667,622.4683366666667,632.1641766666667
2014-07-05,630.6923333333333,634.5256666666667,623.7433333333333,629.66244
2014-07-06,631.6666666666666,638.4326599999999,627.48267,630.97267
2014-07-07,630.66467,636.6576666666666,614.2137366666667,624.0261966666667
2014-07-08,622.03347,626.3648400000001,614.23065,619.83901
2014-07-09,620.0101466666667,626.49212,616.7701466666667,623.3687866666667
2014-07-10,624.1894466666666,625.3461133333334,610.2909966666666,613.7809966666667
2014-07-11,614.9566666666666,629.9853666666667,612.72781,629.9853666666667
2014-07-12,630.5685466666667,637.3171933333333,627.76248,634.49386
2014-07-13,631.9666666666667,639.4066666666666,624.2959500000001,627.12695
2014-07-14,627.5166700000001,629.55682,616.9944066666667,623.2678099999999
2014-07-15,620.8356600000001,623.42566,618.0056599999999,621.26566
2014-07-16,620.9756566666666,627.6142533333333,612.3164733333333,621.04133
2014-07-17,621.538,630.04999,613.11582,624.9266299999999
2014-07-18,625.7566633333332,629.8066633333334,616.7935133333334,628.6863333333334
2014-07-19,629.5866633333334,629.9233333333333,623.9999966666667,627.96
2014-07-20,627.7496633333334,627.7496633333334,618.6666666666666,621.6366666666667
2014-07-21,625.91625,626.50625,616.5895833333333,624.0962499999999
2014-07-22,620.4393966666667,622.5593966666667,614.1627266666666,616.5127266666667
2014-07-23,618.6433333333333,621.86,611.83,618.94382
2014-07-24,616.7633333333333,620.76026,592.7281766666666,602.5354866666667
2014-07-25,601.6300033333333,612.7342266666666,593.9235,599.0040566666667
2014-07-26,599.3681033333334,603.3050933333334,591.317,596.7433333333333
2014-07-27,596.84,599.2766666666666,592.9966666666667,593.6
2014-07-28,590.4703366666666,594.66333,572.0262133333333,588.2704133333333
2014-07-29,585.4566666666667,591.7748933333334,573.1003666666667,581.38634
2014-07-30,579.5806066666665,583.6034766666667,557.95707,560.5304033333333
2014-07-31,563.6560233333333,589.3164,559.0093866666666,583.7489333333333
2014-08-01,583.8789966666667,605.2204866666666,422.1812466666667,596.5066666666667
2014-08-02,595.85,597.8602433333334,586.3722333333334,589.2755666666667
2014-08-03,589.4204366666667,589.88712,578.4687633333333,583.27543
2014-08-04,583.8098366666667,593.2519333333333,580.7465033333333,588.6184400000001
2014-08-05,585.00811,590.34135,577.14673,578.5700633333333
2014-08-06,578.5,585.03,575.35,579.3299999999999
2014-08-07,580.9792233333334,589.41667,577.9162133333333,582.89118
2014-08-08,586.1703066666665,590.8766666666667,583.6163533333333,588.1433333333333
2014-08-09,585.3196933333332,588.42,581.5450099999999,587.09
2014-08-10,587.2266666666668,592.9218266666667,583.0805433333334,584.7338766666667
2014-08-11,587.7678866666666,589.83482,572.0886433333334,573.0819766666667
2014-08-12,572.4386433333333,575.0459033333333,563.9633366666667,570.8959033333334
2014-08-13,569.5536766666668,570.4636766666666,528.90206,544.2968533333333
2014-08-14,544.61667,551.5647,500.3333333333333,513.91624
2014-08-15,516.7466666666667,525.5966666666667,490.84666666666664,512.1599966666666
2014-08-16,502.08666666666664,529.1433333333333,491.49666666666667,517.5533333333333
2014-08-17,520.9533333333334,530.60154,491.84,499.3933333333334
2014-08-18,500.7233366666667,507.22333333333336,453.1233333333333,469.47333333333336
2014-08-19,474.91266333333334,497.49333333333334,461.1033333333333,485.43333666666666
2014-08-20,493.01666666666665,527.3333333333334,471.58033333333333,521.1233333333333
2014-08-21,520.67,531.0433333333333,506.65880666666664,513.3833333333333
2014-08-22,522.5416866666666,526.4883533333333,494.7418566666667,520.05795
2014-08-23,518.3681233333333,518.7414566666666,489.4081933333334,507.38332999999994
2014-08-24,507.50999666666667,517.8699966666667,506.63332999999994,513.34333
2014-08-25,504.71666666666664,514.7799933333333,495.03014,507.47914
2014-08-26,505.37,515.325,503.87,510.30499999999995
2014-08-27,517.3980700000001,521.9814033333333,515.2811933333334,515.9045266666666
2014-08-28,506.3309166666666,507.7975833333333,502.5375833333333,502.94425
2014-08-29,512.57911,516.6418366666666,509.67911000000004,513.8984766666666
2014-08-30,503.8065766666667,513.6833266666667,497.4632433333333,508.03867666666673
2014-08-31,499.94049666666666,506.2409866666667,482.0333333333333,490.79765333333336
2014-09-01,485.45666666666665,489.8333333333333,480.36999999999995,483.46
2014-09-02,494.08646333333337,498.40313,490.06313,492.0197966666667
2014-09-03,476.5,478.42,472.175,474.46500000000003
2014-09-04,474.52052000000003,488.76216999999997,473.1036033333333,483.8788366666667
2014-09-05,488.34000000000003,489.28499999999997,475.30999999999995,477.62
2014-09-06,494.6033333333333,498.25666666666666,493.84,495.28999999999996
2014-09-07,487.04333333333335,488.8733333333333,478.22667,478.38667000000004
2014-09-08,492.95666666666665,493.75666666666666,461.15714333333335,475.84237
2014-09-09,468.09138333333334,475.6166666666666,462.50471666666664,473.62000000000006
2014-09-10,474.11666999999994,484.66667,473.8733366666666,476.3000033333333
2014-09-11,477.47304333333335,478.58337666666665,470.0333333333333,475.99666666666667
2014-09-12,476.555,477.925,464.875,473.21500000000003
2014-09-13,473.0166633333333,478.55,470.99666333333334,476.95
2014-09-14,481.7166666666667,483.55999999999995,479.2966666666666,480.66
2014-09-15,475.6533366666667,477.80333666666667,467.55593666666664,468.12593666666663
2014-09-16,478.75311000000005,492.26662333333326,463.7833333333333,464.0500033333333
2014-09-17,464.7333366666667,466.52333666666664,446.30666999999994,451.28666999999996
2014-09-18,455.2299966666667,472.0471566666667,406.65333333333336,451.7871566666667
2014-09-19,417.8066666666667,419.12999999999994,381.53207000000003,389.02207
2014-09-20,419.6686666666667,441.682,389.18333666666666,401.7833366666666
2014-09-21,423.42,425.34999999999997,389.7333366666667,395.08333666666664
2014-09-22,408.6226133333333,413.52,361.75333333333333,400.85633666666666
2014-09-23,407.87999999999994,448.72333000000003,403.0100033333334,429.3700033333333
2014-09-24,429.1833366666667,440.32,413.2554566666666,425.74726000000004
2014-09-25,419.0533366666666,419.8333333333333,400.3333333333333,404.95
2014-09-26,410.615,414.5695,396.765,403.27
2014-09-27,402.75,406.995,395.845,399.51
2014-09-28,414.6504466666667,417.80598333333336,375.4919466666667,380.02
2014-09-29,382.0332733333333,387.67660666666666,367.4884833333333,371.5816366666666
2014-09-30,372.8189,394.3655233333334,371.30223333333333,386.08333666666664
2014-10-01,388.85999999999996,390.9166666666667,381.34999999999997,385.9533333333334
2014-10-02,382.66001666666665,383.77335,370.79667,372.1766733333334
2014-10-03,379.10780666666665,381.0566633333333,355.0333333333333,357.1433333333334
2014-10-04,359.43999,366.48296666666664,322.1839533333333,325.66062000000005
2014-10-05,323.00049333333334,336.8633333333334,277.81521333333336,325.3233333333333
2014-10-06,321.0200033333333,347.44171,299.68,334.09171
2014-10-07,324.71373,337.75200666666666,314.40373,335.82534000000004
2014-10-08,338.6064966666667,360.0,333.62316333333337,358.59
2014-10-09,346.7628266666666,390.41200000000003,343.38392999999996,365.88334000000003
2014-10-10,364.90333000000004,378.02333,353.04390000000006,358.6639
2014-10-11,366.17652333333336,371.01999666666666,353.84172000000007,360.14958
2014-10-12,361.4106733333333,379.52333333333337,353.94471,376.7033333333334
2014-10-13,371.89797333333337,398.6766666666667,367.1534033333333,391.98333333333335
2014-10-14,393.6466666666667,414.25999333333334,390.56274333333334,404.1918166666667
2014-10-15,396.5911066666667,400.8430433333333,383.55904000000004,396.09637666666663
2014-10-16,395.96917333333334,397.4625066666667,372.30001,384.12788333333333
2014-10-17,383.5758666666666,385.8558666666667,373.2002233333333,381.6368333333333
2014-10-18,377.7712433333333,394.9439766666667,375.0145766666667,392.1239766666667
2014-10-19,388.445,391.675,384.64,386.89
2014-10-20,388.74392000000006,389.54725333333334,380.68391999999994,384.4772533333333
2014-10-21,384.10174333333333,390.96037,376.06667,386.7441366666667
2014-10-22,386.74037,389.27411333333333,377.0361433333333,383.56844
2014-10-23,378.5933333333333,379.84999999999997,356.7966666666666,360.59985
2014-10-24,360.4318799999999,365.78024,349.44666666666666,362.7860633333333
2014-10-25,359.5100033333333,359.8833366666667,346.1666666666667,351.87057333333337
2014-10-26,351.81666666666666,367.99634999999995,349.51,355.89000000000004
2014-10-27,358.15803999999997,360.60137333333336,353.3333333333333,354.9833333333333
2014-10-28,351.40008000000006,359.28173666666663,350.37008,358.39507000000003
2014-10-29,352.6433366666667,352.75667,333.84662333333335,334.6552166666667
2014-10-30,335.3105566666666,351.1566666666666,333.6766666666667,345.3369466666666
2014-10-31,345.1133333333334,347.4533333333333,338.78666666666663,340.98
2014-11-01,338.58069666666665,339.35115333333334,319.43667,323.96000333333336
2014-11-02,323.8500033333333,327.86614333333335,319.83666999999997,323.59986333333336
2014-11-03,324.56280999999996,331.5594766666666,323.66333333333336,324.68666666666667
2014-11-04,325.00333333333333,331.0233333333333,322.25,327.37333333333333
2014-11-05,330.23556666666667,344.45822333333336,326.00155666666666,334.71155666666664
2014-11-06,341.7716333333333,350.65163333333334,339.92333333333335,348.83
2014-11-07,343.83,350.05,338.1566666666667,343.5795633333334
2014-11-08,341.7453566666666,347.5789366666666,337.08745,346.79227
2014-11-09,345.8502166666667,358.7833333333333,341.5269733333333,358.25666666666666
2014-11-10,358.46638333333334,373.42333333333335,354.1163833333333,363.1333333333334
2014-11-11,366.65333333333336,370.45394000000005,360.70584333333335,369.78222999999997
2014-11-12,376.1427066666667,432.08995999999996,374.9466666666667,422.6606733333333
2014-11-13,426.08736,449.64000000000004,383.0333333333333,418.45000333333337
2014-11-14,414.2833333333333,417.56365000000005,387.65000000000003,398.0156666666667
2014-11-15,395.41284333333334,399.76474333333334,372.9806266666667,377.83
2014-11-16,384.17666333333335,393.96333000000004,378.26899000000003,386.0233333333333
2014-11-17,391.24966666666666,412.08751,375.6675333333333,391.75
2014-11-18,389.1166666666666,393.50333333333333,370.46378000000004,373.30148333333335
2014-11-19,380.30584,386.99584000000004,373.0519133333334,382.72933000000006
2014-11-20,383.16599,384.13599000000005,353.17303666666675,355.5773133333334
2014-11-21,353.45840666666663,358.17333333333335,343.6033166666666,353.51
2014-11-22,354.03333333333336,365.39333000000005,352.2633333333333,356.4899966666667
2014-11-23,353.9266666666667,368.0233333333333,353.25,365.91333333333336
2014-11-24,367.47333333333336,387.32667,354.82,373.71370333333334
2014-11-25,379.84,391.7033333333334,374.4633333333333,376.3966666666667
2014-11-26,375.35999999999996,382.48793666666666,365.1949666666667,369.74755999999996
2014-11-27,374.48938333333336,378.16605,366.50813666666664,372.1502366666667
2014-11-28,373.2833333333333,382.8733333333333,359.34781,379.8086666666666
2014-11-29,379.41633333333334,385.5333333333333,374.44506333333334,376.35506333333336
2014-11-30,378.8198566666667,382.87319,377.56652333333335,380.0175233333334
2014-12-01,379.3746233333333,383.01800000000003,372.68316999999996,376.05198
2014-12-02,377.97333333333336,383.85809,375.0266466666667,378.8757
2014-12-03,378.7369633333333,383.66385999999994,373.23868666666664,377.02199999999993
2014-12-04,377.46433333333334,379.28999999999996,363.17630333333335,373.05743
2014-12-05,372.79608666666667,379.4866666666667,369.3452933333333,376.52629666666667
2014-12-06,376.38496000000004,383.5666666666666,369.79334,373.7166666666667
2014-12-07,374.32,381.39897333333334,371.50044333333335,374.9213333333333
2014-12-08,375.26,376.30332999999996,360.33499666666665,366.86962666666665
2014-12-09,362.85066666666665,368.2890466666666,343.98342333333335,350.45504666666665
2014-12-10,350.96233333333333,355.82,344.6953766666666,345.89537666666666
2014-12-11,345.7825133333334,366.62073000000004,341.97387333333336,357.02072999999996
2014-12-12,353.0866633333333,358.52666666666664,348.2071633333333,355.02666666666664
2014-12-13,355.32307,355.68307000000004,348.4533333333333,351.5166666666667
2014-12-14,351.2333333333333,358.34242666666665,348.1433333333334,353.06333333333333
2014-12-15,353.8066733333333,356.80049666666673,344.8486,346.07526666666666
2014-12-16,351.9684533333334,352.1351200000001,329.34666666666664,329.9166666666667
2014-12-17,330.82917000000003,342.7787733333333,315.0866766666667,323.3938633333333
2014-12-18,324.25968666666665,337.2266666666667,306.2033333333333,310.64587
2014-12-19,313.97666666666663,335.0395733333333,307.7078266666667,328.0181
2014-12-20,327.78077333333334,337.32744,320.81333,330.6199966666666
2014-12-21,330.3999833333333,331.79340666666667,318.4543266666667,320.74333333333334
2014-12-22,321.4483133333333,330.0906566666667,320.8883133333333,329.21398999999997
2014-12-23,334.86206999999996,338.74207,327.82537333333335,336.19246000000004
2014-12-24,336.3677933333333,336.5677933333333,321.3634566666667,322.07679
2014-12-25,322.79999999999995,323.4,317.26,319.43
2014-12-26,319.84307000000007,327.43973666666665,318.21640333333335,325.7464033333333
2014-12-27,325.49045333333333,325.49045333333333,312.5814433333333,317.1266666666667
2014-12-28,317.5833333333333,319.39712000000003,312.08672333333334,316.06005666666664
2014-12-29,319.3983333333333,322.21,312.0599966666667,313.23000333333334
2014-12-30,322.2243066666667,323.6743066666666,310.31,310.9533333333333
2014-12-31,313.0782,319.2459333333333,311.57111333333336,319.0459333333333
2015-01-01,317.51289333333335,321.16929,313.16956,317.55234333333334
2015-01-02,313.53283,317.67333333333335,312.71283,315.27801000000005
2015-01-03,315.1767,317.1079333333333,281.16518666666667,281.83185333333336
2015-01-04,283.1746,291.92067333333335,259.8830233333333,262.8830233333333
2015-01-05,264.93506,278.82,258.95184666666665,274.82336000000004
2015-01-06,266.620005,290.74512500000003,264.260005,283.27056500000003
2015-01-07,277.550005,301.91486499999996,277.000005,298.499865
2015-01-08,293.100005,293.100005,284.58266000000003,284.58266000000003
2015-01-09,282.61,300.1850533333333,279.4789633333333,295.5950533333333
2015-01-10,291.4323,294.46896666666663,272.2525,276.1366666666666
2015-01-11,273.1668966666667,276.68414666666666,264.02666666666664,265.8612
2015-01-12,266.8469333333333,281.82666666666665,264.0166766666667,266.6991233333334
2015-01-13,267.4766666666667,267.9266666666667,217.86003333333335,224.28000333333333
2015-01-14,225.1,230.7873,164.11666666666665,176.5233333333333
2015-01-15,176.03,234.95863,173.34,215.8998
2015-01-16,211.89991,222.38333333333333,197.74667,209.35747666666666
2015-01-17,204.39333333333332,208.6799,195.46333333333334,200.30556666666666
2015-01-18,200.86333333333334,220.08666666666667,197.18861666666666,213.8918
2015-01-19,209.72005000000001,216.72,207.51333333333332,213.52
2015-01-20,213.31903333333332,217.45461333333333,205.02833333333334,213.77293999999998
2015-01-21,209.90035666666665,226.91278666666668,207.27368666666666,225.4416666666667
2015-01-22,226.32667,238.60998333333336,225.21333666666666,231.50187000000003
2015-01-23,231.63773333333333,236.83759,224.40869999999998,233.22762
2015-01-24,233.09420666666665,250.78460333333337,231.3508733333333,249.5041666666667
2015-01-25,250.22366333333335,259.68666666666667,242.5414933333333,257.9866666666667
2015-01-26,258.18,309.305,255.30737666666664,272.7366666666667
2015-01-27,265.36116,274.7143233333333,236.03333999999998,260.17448666666667
2015-01-28,259.3128166666667,271.42666,226.95197666666664,241.21175666666667
2015-01-29,239.07666666666668,243.04666666666665,221.4991366666667,233.48325333333332
2015-01-30,234.09666666666666,242.63689666666664,224.11701000000002,225.27034333333333
2015-01-31,228.3173833333333,235.6702766666667,216.36666,216.99919333333332
2015-02-01,217.12677333333332,234.61420333333334,210.66211666666666,231.0242033333333
2015-02-02,231.01717666666664,241.94717666666668,223.05996666666667,234.7192666666667
2015-02-03,238.62333333333333,246.02745000000002,227.06998333333334,230.54688666666667
2015-02-04,228.3175,230.23382249999997,221.34756,227.05382250000002
2015-02-05,225.18999999999997,226.37419666666668,213.56000000000003,217.29
2015-02-06,217.15333333333334,225.17,214.42999999999998,222.44520000000003
2015-02-07,221.69687333333334,231.91554666666664,221.02354,228.31331666666668
2015-02-08,228.29333333333332,230.50379999999998,218.85565,225.0204666666667
2015-02-09,221.45283666666668,225.98881000000003,215.49013333333335,220.76666666666665
2015-02-10,219.79666666666665,222.07166666666663,215.21667,218.65666666666664
2015-02-11,218.47671666666668,220.55338333333336,213.70333333333335,215.46666666666667
2015-02-12,219.61666666666667,223.21999666666667,218.66666666666666,223.11666333333335
2015-02-13,223.08999666666668,240.03333333333333,216.51666666666665,234.74094
2015-02-14,234.92333333333332,256.44666666666666,233.22333333333333,254.74
2015-02-15,249.05655000000002,266.60554333333334,227.23000000000002,234.30093333333332
2015-02-16,232.99,243.97585333333333,229.03246666666666,239.79918666666666
2015-02-17,233.57251333333332,247.99098,231.70539333333332,245.91098000000002
2015-02-18,242.30185666666668,243.53,231.22004333333334,236.22333666666668
2015-02-19,237.04333333333332,243.84833333333333,236.20333333333335,240.9466666666667
2015-02-20,241.20699666666667,248.36096666666666,239.51085999999998,243.25342666666666
2015-02-21,242.99820333333332,245.21677,242.46343666666667,243.83677
2015-02-22,246.6320466666667,247.78538,233.75200000000004,236.05666666666664
2015-02-23,236.27,240.46,233.1100033333333,238.29336666666669
2015-02-24,239.04809,239.81333333333336,236.85142333333332,238.95000000000002
2015-02-25,239.80433333333335,240.38433333333333,236.48517333333334,237.52850666666666
2015-02-26,237.61550666666668,238.83835666666667,234.73666666666668,237.71169
2015-02-27,237.67134333333334,257.4389733333333,236.91250000000002,251.24741333333336
2015-02-28,250.78012999999999,254.6696266666667,245.87667000000002,252.38333333333335
2015-03-01,252.10333333333332,260.8992666666666,243.04192,256.35447999999997
2015-03-02,257.40727,277.76266000000004,254.49951000000001,273.5590066666667
2015-03-03,276.1366666666667,284.43489999999997,266.24264666666664,279.69415999999995
2015-03-04,279.98321333333337,286.37016,269.08666666666664,275.1902433333333
2015-03-05,274.34912,283.3593466666667,265.0800033333333,273.72917666666666
2015-03-06,272.70374,277.1073,266.4561833333333,268.72335
2015-03-07,271.74,275.75,270.05618666666663,273.60141
2015-03-08,277.40003666666667,278.85525,271.41874,273.10873999999995
2015-03-09,273.33924666666667,292.99248,270.66258,291.3932766666667
2015-03-10,287.9663666666666,298.96633333333335,279.61969999999997,290.3433333333333
2015-03-11,290.53,297.70975333333337,288.1133333333333,296.20916666666665
2015-03-12,296.51249333333334,297.20582666666667,290.19236666666666,293.12201999999996
2015-03-13,293.2317933333333,294.30333333333334,279.36333333333334,284.4469633333334
2015-03-14,281.23335000000003,287.47298333333333,277.75297666666665,282.1092233333333
2015-03-15,283.8666666666667,287.3966666666667,281.38357,286.84
2015-03-16,287.09666666666664,294.2346733333333,286.75999666666667,291.5906566666667
2015-03-17,291.4251433333333,293.4634433333333,283.27,285.3064
2015-03-18,283.62020333333334,284.04355000000004,249.5300066666667,257.4399966666667
2015-03-19,255.50973333333332,270.88331999999997,250.7130666666667,260.28000333333335
2015-03-20,265.81333333333333,267.87543999999997,248.9412933333333,265.61544
2015-03-21,261.49485666666664,262.51819,257.59417333333334,259.97750666666667
2015-03-22,259.6866,271.1133333333333,259.3766,268.9166666666667
2015-03-23,269.34966333333335,270.8963366666666,261.56667,266.3092833333333
2015-03-24,265.61063,265.79801333333336,243.33667,245.82666666666668
2015-03-25,246.16335999999998,249.95988,236.885,247.46936333333335
2015-03-26,247.66666666666666,258.78666000000004,246.32269,250.14616666666666
2015-03-27,248.98664,250.71666666666667,244.59543,249.14666666666668
2015-03-28,247.44581000000002,254.41985,247.21914333333334,252.42333333333332
2015-03-29,251.93657666666664,251.95324333333335,240.12250333333336,242.51612
2015-03-30,243.56485999999998,255.28653,237.7526366666667,254.4498633333333
2015-03-31,248.11577333333332,251.90668000000002,241.49399333333335,244.26402666666664
2015-04-01,245.48998666666668,247.84741333333332,240.2758366666667,245.7118366666667
2015-04-02,247.04,255.47666666666666,243.04999999999998,252.26
2015-04-03,252.10232333333332,255.9766666666667,250.53080333333332,253.70968000000002
2015-04-04,254.57666666666668,255.20000000000002,250.29334666666668,252.37501999999998
2015-04-05,253.7242233333333,260.6215866666667,252.37755666666666,260.05492
2015-04-06,260.27666666666664,261.8881666666667,253.62700333333336,254.87333
2015-04-07,254.3686733333333,256.45312666666666,249.99333666666666,251.98911666666666
2015-04-08,251.87578333333332,255.44644333333335,243.74249999999998,246.58897333333334
2015-04-09,245.41333333333333,247.21579333333332,238.94416666666666,245.04928000000004
2015-04-10,242.46666666666667,244.18999999999997,232.04216,237.82752000000002
2015-04-11,238.04746666666665,240.1608,232.64940333333334,235.02106666666668
2015-04-12,235.88315333333333,238.34999666666667,234.23315333333335,237.58326
2015-04-13,237.3299066666667,237.87333,221.404,225.74509
2015-04-14,225.38175666666666,227.31891,214.82676333333333,219.43320666666668
2015-04-15,219.25633333333334,223.64333666666667,216.62032666666667,221.97295
2015-04-16,225.65839333333335,231.26453,223.78543666666667,229.61662333333334
2015-04-17,227.93666666666664,228.93816999999999,221.3053033333333,223.18533000000002
2015-04-18,224.48333333333335,225.73666666666668,221.44024,222.98826333333332
2015-04-19,223.32460333333333,228.11666333333332,222.50127,224.29285333333334
2015-04-20,224.1184033333333,226.78661666666667,222.57070666666667,224.43583333333333
2015-04-21,224.5409966666667,235.55686,223.9625,235.24474
2015-04-22,235.20000333333334,238.63728666666665,231.45083333333332,233.52333333333334
2015-04-23,233.77838333333332,236.03583333333336,232.06333333333336,235.79609666666667
2015-04-24,235.64666666666668,236.51383,229.07667,230.6575
2015-04-25,231.52400666666665,231.9406733333333,226.20826666666665,226.83333333333334
2015-04-26,226.26333333333332,226.64333333333332,215.47068333333334,220.00250000000003
2015-04-27,221.04215,233.79608666666664,218.26951666666665,227.41000333333332
2015-04-28,227.43666666666664,229.36051999999998,222.8033333333333,227.03508666666667
2015-04-29,226.17661999999999,228.4340066666667,223.1833333333333,225.61
2015-04-30,225.53633333333335,239.97133333333332,224.82834000000003,236.50249999999997
2015-05-01,235.88160333333335,238.91700666666665,231.44270000000003,231.6235333333333
2015-05-02,233.4629666666667,236.5466,231.21540666666667,234.50835666666669
2015-05-03,235.22991666666667,242.21416666666664,234.006,239.90339666666668
2015-05-04,239.84637999999998,242.285,236.48933333333332,237.765
2015-05-05,238.34575333333336,238.72033333333331,231.49916666666664,235.48413333333335
2015-05-06,235.28865,237.0333033333333,227.55366666666666,228.32500000000002
2015-05-07,228.79999999999998,240.60155999999998,227.57333333333335,236.40083
2015-05-08,236.84163999999998,245.16666666666666,235.03033333333335,242.50350333333336
2015-05-09,243.11930666666663,245.50666666666666,237.23366666666666,241.90135999999998
2015-05-10,240.94367,243.88787666666667,237.57116666666664,239.38667999999998
2015-05-11,240.0210125,244.2862525,238.635625,241.828755
2015-05-12,241.47315,242.704995,238.81275,241.1856275
2015-05-13,241.1997125,243.9425,235.13754250000002,236.09754
2015-05-14,236.2750375,239.1175,233.4375,236.8825
2015-05-15,237.502345,239.32500000000002,236.2473925,237.8489725
2015-05-16,237.9569275,238.051695,234.8061625,236.32438000000002
2015-05-17,236.0150025,237.5175375,235.36249999999998,236.179375
2015-05-18,236.100845,236.8625025,231.2512575,232.96498
2015-05-19,233.2599675,234.025995,231.20091000000002,231.94624249999998
2015-05-20,231.9570925,234.7570325,231.39693749999998,234.33087749999999
2015-05-21,234.391525,236.211875,233.77598,235.40187500000002
2015-05-22,235.1437575,242.6375,233.2356275,238.9275
2015-05-23,238.80536250000003,240.2868375,237.39504749999998,237.9625475
2015-05-24,238.0303025,241.0631225,237.57279250000002,239.8225025
2015-05-25,239.95117,240.35117,234.975625,236.117495
2015-05-26,236.2859425,237.56062250000002,234.745,236.1743725
2015-05-27,236.39749750000001,237.8625,235.0491525,236.0424975
2015-05-28,235.7850075,237.62586,235.24250750000002,236.42066499999999
2015-05-29,236.45652,236.6362375,234.76541999999998,235.85542
2015-05-30,235.6800025,236.014885,230.7485625,232.5658275
2015-05-31,232.34563500000002,233.62219,228.1624075,228.7674075
2015-06-01,230.077895,231.2103975,221.063005,223.88477
2015-06-02,224.02135249999998,226.9270375,221.617785,226.21933750000002
2015-06-03,225.3375375,227.61710749999997,223.70999999999998,225.5325
2015-06-04,225.65750000000003,226.57299999999998,222.86,223.3962475
2015-06-05,223.48435,226.7318,221.19226,224.57874249999998
2015-06-06,224.56381,225.5309525,223.51031999999998,224.66032
2015-06-07,225.08738250000002,225.5223825,222.6963225,223.31382249999996
2015-06-08,223.295275,229.3343725,223.137775,228.5643725
2015-06-09,227.9975,231.44182,227.3175,229.55432
2015-06-10,228.8826125,229.59261750000002,227.3226875,228.06813499999998
2015-06-11,228.4099925,230.4442725,228.1158025,229.125625
2015-06-12,229.13509,231.39338,228.59509,229.4381325
2015-06-13,229.1546875,232.306365,227.88615499999997,232.03755
2015-06-14,232.305,234.065625,231.5550875,232.57125000000002
2015-06-15,232.3706325,236.94875249999998,232.23562750000002,236.1362525
2015-06-16,236.50997750000002,252.23999999999998,234.6968025,250.624375
2015-06-17,250.6193775,257.398125,245.25624999999997,247.90125
2015-06-18,248.42812750000002,252.52495249999998,242.7875,248.5625
2015-06-19,248.63751,250.5105375,244.06845,245.005
2015-06-20,244.705,245.9235425,240.71750000000003,244.95070249999998
2015-06-21,245.0162525,245.49744249999998,240.56084,243.14249999999998
2015-06-22,243.93809750000003,247.8986425,243.3675,247.0211425
2015-06-23,246.2825025,246.7800025,242.71052500000002,243.93052500000002
2015-06-24,243.72565,243.85565000000003,239.27112499999998,240.3877225
2015-06-25,240.66746,243.20229750000001,239.47907499999997,241.94473499999998
2015-06-26,242.0375,243.312455,240.615,242.6225
2015-06-27,242.925925,251.629375,242.53342500000002,251.26437500000003
2015-06-28,251.0881225,253.375,247.1376025,248.51
2015-06-29,248.992155,260.09204500000004,248.47967500000001,259.646975
2015-06-30,257.288725,269.59749999999997,256.0206525,263.01165
2015-07-01,263.06817749999993,265.0006375,254.78250000000003,258.1434
2015-07-02,258.542595,260.950095,253.34501,254.7065425
2015-07-03,254.63903249999998,260.78249,252.7612675,255.95986
2015-07-04,256.72661,261.52736999999996,254.20701000000003,260.83725
2015-07-05,260.7875,274.54999499999997,258.1993875,270.8459925
2015-07-06,270.64687749999996,277.73,267.38441,270.46735
2015-07-07,269.4042675,271.8059525,264.455,265.655
2015-07-08,265.692505,273.88329,264.125,270.4000775
2015-07-09,270.6085,273.246345,266.635005,270.0674375
2015-07-10,269.26651000000004,295.31,268.98651,285.3175
2015-07-11,286.2482225,298.3517075,283.6870675,292.6174975
2015-07-12,292.13314,316.0056225,291.8856375,310.669375
2015-07-13,310.51187749999997,310.93039,277.7425,291.70275000000004
2015-07-14,292.3175,296.7331275,286.1793775,287.9220225
2015-07-15,287.8853275,293.649975,284.972485,286.059985
2015-07-16,287.0120575,292.275,274.6356475,278.1273475
2015-07-17,279.1415975,280.82928000000004,273.20375,279.70750000000004
2015-07-18,279.7332,282.3934225,271.998465,276.925
2015-07-19,277.3828475,278.16326749999996,274.43164,275.05
2015-07-20,275.2983675,279.7428575,274.34562999999997,278.87852
2015-07-21,279.233695,281.1267325,276.098125,276.7125
2015-07-22,276.4465,278.25067750000005,274.9425,277.30375000000004
2015-07-23,277.689375,278.566875,275.894755,276.775
2015-07-24,276.4975025,290.375,276.0500025,288.9252225
2015-07-25,288.0067925,291.552925,286.5100375,288.8165325
2015-07-26,288.83173,293.713625,287.7452025,292.451235
2015-07-27,292.8140375,296.7303975,286.4705925,294.49539749999997
2015-07-28,294.34175000000005,297.168505,291.29499999999996,294.652505
2015-07-29,294.6484175,295.0734175,286.0725025,290.4556475
2015-07-30,289.722935,290.47625,284.1450025,288.1875
2015-07-31,287.55976499999997,290.4724425,281.7475025,286.87994249999997
2015-08-01,286.2807075,286.945,277.01000750000003,281.29185
2015-08-02,281.540875,284.48495749999995,277.1263,282.622825
2015-08-03,283.07115,285.77750000000003,279.96,281.6200425
2015-08-04,281.31752,286.432905,280.56523000000004,285.8271525
2015-08-05,284.90375000000006,286.22749999999996,281.2975025,281.6375025
2015-08-06,281.49,283.2093775,278.110265,278.58491
2015-08-07,278.565,283.09000000000003,275.345455,280.0088525
2015-08-08,280.0525275,281.0024975,260.12317,262.49
2015-08-09,262.6049925,268.84231750000004,260.285,267.1123175
2015-08-10,265.38250000000005,269.1725,262.4825,265.2693825
2015-08-11,264.58,271.255,263.4525,271.03999999999996
2015-08-12,270.97261749999996,271.395,265.82399499999997,267.24885
2015-08-13,267.279835,267.80499999999995,262.483425,264.6149975
2015-08-14,264.62999750000006,267.9925,262.021595,266.2575
2015-08-15,266.4599525,267.4693075,262.02,262.64750000000004
2015-08-16,262.6575,264.335,255.7466,258.394855
2015-08-17,258.685,261.005,256.078025,257.417275
2015-08-18,257.63710000000003,258.1037075,204.8044025,219.9481925
2015-08-19,217.3008175,241.02499999999998,214.4108175,227.701
2015-08-20,227.611,237.664885,227.34595,235.868525
2015-08-21,235.8024975,237.149915,231.69451,233.393735
2015-08-22,233.57799999999997,235.259655,222.9149925,231.1875775
2015-08-23,231.3672725,233.1972725,226.065,228.8276025
2015-08-24,228.22020249999997,228.623805,209.4018825,211.03524249999998
2015-08-25,210.800255,230.232495,200.0375,223.22109749999998
2015-08-26,223.6204,234.3822,220.6983525,226.26287250000001
2015-08-27,226.86560000000003,230.09,224.0494725,225.43525000000002
2015-08-28,225.22317500000003,236.602525,221.12545,231.7679
2015-08-29,231.90642499999998,234.0235275,227.71096,230.46433000000002
2015-08-30,230.76,232.90751999999998,225.93698,229.0834425
2015-08-31,229.095,232.8225,225.16972499999997,230.3525
2015-09-01,230.5563,231.89749999999998,226.48,228.2675
2015-09-02,228.4225,231.4627925,226.38233,229.66000000000003
2015-09-03,229.3200025,230.4482075,226.3575,227.0897
2015-09-04,227.0874,231.73,226.7125025,230.9075
2015-09-05,230.967475,237.08247500000002,229.8068125,235.52022499999998
2015-09-06,235.785,244.0316675,235.52749999999997,240.8349975
2015-09-07,240.412525,242.6898,238.8654525,240.65999999999997
2015-09-08,240.51250249999998,246.52749999999997,240.135,243.854425
2015-09-09,243.60500000000002,244.5927,237.92034249999998,238.625
2015-09-10,238.94250000000002,241.06465,236.16000000000003,238.55327499999999
2015-09-11,239.01749999999998,241.44721250000003,238.339535,240.74471250000002
2015-09-12,240.07750249999998,240.78,234.14,235.51999999999998
2015-09-13,235.46285,236.49,228.85,230.215
2015-09-14,230.18,233.1345,226.32999999999998,230.4434
2015-09-15,230.5034,231.96852,228.65,230.38853
2015-09-16,230.07,231.47499750000003,225.825,229.0286925
2015-09-17,229.25,235.53000000000003,228.075,232.8975
2015-09-18,232.7875,234.83249750000002,231.435,233.13945
2015-09-19,232.946595,233.7225,230.675,231.3825
2015-09-20,231.15525250000002,232.41750000000002,230.3075,231.115
2015-09-21,230.75,231.635,226.2925,226.84025
2015-09-22,226.7,232.82704750000002,223.79,230.30499999999998
2015-09-23,230.64034250000003,231.95888,228.6907475,230.01
2015-09-24,229.8175,235.61625,229.64000000000001,233.8581
2015-09-25,234.33075,237.3949975,233.0862875,235.625
2015-09-26,235.0525,235.841365,233.38500000000002,234.0675
2015-09-27,234.01,234.5375,231.85,232.3375
2015-09-28,233.204,240.04250000000002,232.984,239.29449999999997
2015-09-29,239.2156825,240.59,235.83615,237.16240749999997
2015-09-30,236.70749999999998,238.3249975,235.330005,236.42499999999998
2015-10-01,236.21249999999998,239.1575,235.65703249999999,237.7625
2015-10-02,237.7025,239.354135,236.3222075,237.5622075
2015-10-03,237.6075,239.83749999999998,236.965,239.26250000000002
2015-10-04,239.04500000000002,240.056465,238.1375,239.09176000000002
2015-10-05,238.756,240.8030475,236.9410025,240.4350025
2015-10-06,240.62750250000002,248.15249749999998,239.96500250000003,246.065
2015-10-07,246.5175,247.4499975,240.06,242.98222249999998
2015-10-08,243.6865,244.95499999999998,240.04,242.9125
2015-10-09,242.9625,244.92287249999998,241.9262875,243.7937875
2015-10-10,244.2750125,246.00501,243.35751,245.74500999999998
2015-10-11,245.7850175,248.465,245.04886,247.46752000000004
2015-10-12,247.86225000000002,248.22500000000002,245.01001499999998,245.9751575
2015-10-13,245.9411,250.8174975,243.925,250.04000000000002
2015-10-14,250.3324975,255.047525,247.17249999999999,253.0195
2015-10-15,253.0925,256.2175,251.85001,254.422175
2015-10-16,254.61103500000002,267.6619125,253.99000249999997,261.8825
2015-10-17,262.6575225,273.23235750000003,261.92002249999996,271.25
2015-10-18,270.02,271.227495,258.9475,259.9
2015-10-19,262.0475,266.596,260.3925,264.4675075
2015-10-20,264.8125,272.20000000000005,263.78249999999997,270.645
2015-10-21,270.420935,272.0749925,264.59749999999997,267.8082825
2015-10-22,267.71579499999996,279.34749999999997,266.9200225,275.08749750000004
2015-10-23,274.0525,280.1652675,273.3925,278.14545
2015-10-24,278.3925,283.93469500000003,278.295,283.37877
2015-10-25,283.8249975,295.34875,282.67,283.84250000000003
2015-10-26,284.3324225,286.90500000000003,280.713635,286.46
2015-10-27,286.4774,298.125,286.14475,294.596775
2015-10-28,295.20061250000003,307.4775,293.732505,303.0575
2015-10-29,302.78999999999996,319.6911625,300.3075,314.33780249999995
2015-10-30,314.559,334.5875,313.9901,327.9175
2015-10-31,327.9975,333.5075,305.4026,310.9826
2015-11-01,313.31521,328.42,307.2350075,325.9975
2015-11-02,325.995,367.62249999999995,321.03499999999997,361.917495
2015-11-03,359.95224,420.26,347.62249999999995,402.5699975
2015-11-04,402.9376,498.015,368.2913125,408.795645
2015-11-05,405.31663,446.2343425,360.1650000000001,384.6625
2015-11-06,386.033375,394.3475,350.7675225,371.41999999999996
2015-11-07,374.0774925,391.43999999999994,370.64,384.2225
2015-11-08,381.72443499999997,388.5,362.2025,372.96595
2015-11-09,373.12534500000004,385.125,358.245,375.63249999999994
2015-11-10,375.465,380.79,324.6325025,337.39250000000004
2015-11-11,337.2525,341.265,296.6225,309.7150025
2015-11-12,310.87175,343.65,308.3075,336.535
2015-11-13,334.7425,341.70970000000005,325.55,337.34209999999996
2015-11-14,337.57044,345.05749999999995,327.4050025,332.610775
2015-11-15,332.86856750000004,335.0249975,316.3600025,319.2850025
2015-11-16,319.677725,332.1375,315.6776825,329.19672
2015-11-17,331.01,342.7849975,329.005,334.5225
2015-11-18,334.45,336.9074975,328.84000249999997,333.03250749999995
2015-11-19,334.595,335.05997,324.46522,326.2424975
2015-11-20,325.52772,326.14522,310.6175,320.9525
2015-11-21,321.53896,327.3325,318.40146,325.6175
2015-11-22,326.33,326.3575,320.35582,323.645
2015-11-23,323.00750000000005,325.395,320.6475,323.1010625
2015-11-24,322.0625,323.65500000000003,317.0533075,321.13
2015-11-25,321.08500000000004,330.30249999999995,316.5875025,329.2225
2015-11-26,329.22946,369.045,328.9525,352.28749999999997
2015-11-27,352.75499999999994,364.315,348.55750249999994,358.255
2015-11-28,356.67,359.4975,350.741965,356.937495
2015-11-29,357.29224750000003,373.52499499999993,354.1950025,371.40500000000003
2015-11-30,371.1775,382.254995,368.5175,377.17498250000006
2015-12-01,377.074295,378.84250000000003,354.8125,362.65799999999996
2015-12-02,362.62415000000004,362.75415,348.38500250000004,359.03999999999996
2015-12-03,359.45500000000004,370.15999999999997,356.4495,361.45950000000005
2015-12-04,362.270675,364.53315,356.05601250000007,364.0061175
2015-12-05,363.855,390.1835775,363.6000025,387.73749999999995
2015-12-06,389.08749750000004,401.66099249999996,382.3625,387.9837
2015-12-07,387.671375,398.84000000000003,382.6925,395.1775
2015-12-08,394.505,417.9175,388.145,417.6725
2015-12-09,416.8799975,423.2875,401.9175,417.31
2015-12-10,417.445,419.5725,409.298215,415.55
2015-12-11,415.9707625,451.6025,415.85826249999997,450.50225
2015-12-12,450.54724999999996,467.61999749999995,405.826295,435.02
2015-12-13,433.91164249999997,441.575,419.8724975,432.69999999999993
2015-12-14,432.1275,447.6875,427.9375,443.375
2015-12-15,443.7025,465.1225,440.15250000000003,464.8375
2015-12-16,464.0837075,464.2650075,439.79249999999996,454.89215
2015-12-17,453.9944,458.2007875,447.7625025,454.7360875
2015-12-18,455.215,466.292685,453.23298250000005,463.5002475
2015-12-19,463.74273500000004,465.5475,452.84749999999997,460.69
2015-12-20,460.9325,461.35999749999996,433.52,442.2575
2015-12-21,442.5575,447.02393750000005,425.70898750000003,438.6324975
2015-12-22,438.205285,443.04249999999996,433.42073,435.56000000000006
2015-12-23,435.7075,445.5725,433.2972075,443.0
2015-12-24,443.08500000000004,459.135,443.08250000000004,454.7905625
2015-12-25,455.60975249999996,458.4125,449.5325,456.18499749999995
2015-12-26,454.4275,456.12,408.6125,418.095
2015-12-27,416.7575,427.6225,409.9292225,423.90999999999997
2015-12-28,423.98,429.29249999999996,417.7402725,422.195
2015-12-29,421.2312025,433.0325,419.384725,432.265
2015-12-30,432.8475,434.6524975,420.92999999999995,425.9146775
2015-12-31,425.93999999999994,433.11499999999995,418.3671075,430.62250000000006
2016-01-01,431.34724750000004,435.8824975,428.21750000000003,433.65882750000003
2016-01-02,434.7075,435.9875,431.17619,434.44
2016-01-03,434.0225,434.53,424.0575,429.8750025
2016-01-04,430.4325025,435.12250000000006,428.82500000000005,433.00853750000005
2016-01-05,432.7500025,435.144975,429.5025,432.34999999999997
2016-01-06,432.197475,432.437475,427.20514,429.89750000000004
2016-01-07,429.76,459.115885,429.2451675,458.118385
2016-01-08,457.844975,463.33000000000004,446.580025,453.875
2016-01-09,453.1275025,456.1804525,447.84000000000003,449.85249999999996
2016-01-10,449.625,450.4199975,441.7075,449.0
2016-01-11,449.11832000000004,452.3325,442.2329425,449.5976475
2016-01-12,449.34387499999997,449.388875,435.0875,435.77500000000003
2016-01-13,435.565,441.9425,425.15000000000003,432.922925
2016-01-14,432.56512499999997,435.1025,427.2925,430.17626249999995
2016-01-15,430.14876250000003,430.39,360.5475,360.605
2016-01-16,360.55,391.46252499999997,351.6975,388.177
2016-01-17,388.42949999999996,391.55749999999995,376.79999999999995,380.400055
2016-01-18,380.46270000000004,388.5325,373.8375,386.635
2016-01-19,386.7525,387.725,375.6775,377.99755500000003
2016-01-20,377.89594999999997,424.1893,373.18,417.81752500000005
2016-01-21,418.560025,423.395,404.90250249999997,410.385
2016-01-22,409.83865000000003,411.55247,374.5785425,382.5725
2016-01-23,382.84250000000003,395.7225,381.5525,386.424965
2016-01-24,387.15247,406.23999749999996,386.39,402.01252750000003
2016-01-25,402.04557,402.08307,386.4625025,391.775
2016-01-26,391.694695,399.78499750000003,388.1300025,392.875
2016-01-27,391.6333333333334,396.95000000000005,390.7866666666667,394.77
2016-01-28,394.59666666666664,395.1499999999999,377.16,379.79333333333335
2016-01-29,379.43,384.5133333333333,363.74666666666667,378.6700000000001
2016-01-30,378.46999999999997,381.15000000000003,374.48333333333335,377.07
2016-01-31,377.48,380.39000000000004,364.7366666666667,367.8066666666667
2016-02-01,368.01666666666665,378.7833333333333,366.22333333333336,371.3933333333334
2016-02-02,371.31,374.9666666666667,370.57,373.0466666666667
2016-02-03,372.99333333333334,373.5533333333333,365.71000000000004,368.81
2016-02-04,368.8833333333334,390.8333333333333,368.69000000000005,387.8333333333333
2016-02-05,387.7833333333333,389.5733333333333,383.22333333333336,384.83
2016-02-06,384.86666666666673,384.93333333333334,370.4466666666667,375.0833333333333
2016-02-07,375.27666666666664,379.5333333333333,372.92333333333335,375.6766666666667
2016-02-08,375.92333333333335,378.7833333333333,370.2833333333333,371.09666666666664
2016-02-09,371.07,375.74333333333334,369.76666666666665,372.50333333333333
2016-02-10,372.7866666666667,383.02,371.8533333333333,378.6766666666667
2016-02-11,378.62999999999994,379.6666666666667,368.4566666666667,376.4266666666667
2016-02-12,376.88000000000005,383.14000000000004,376.1766666666667,382.70666666666665
2016-02-13,382.68333333333334,392.3933333333334,382.33,390.66333333333336
2016-02-14,390.9533333333334,406.4066666666667,390.82,405.72666666666663
2016-02-15,405.8233333333333,409.1666666666667,394.1666666666667,399.06666666666666
2016-02-16,399.27,407.8166666666666,394.73,407.3866666666667
2016-02-17,407.39000000000004,420.8,405.16333333333336,415.1233333333333
2016-02-18,415.1366666666666,424.1033333333333,414.15333333333336,421.0566666666667
2016-02-19,421.0433333333333,421.8933333333334,415.0,420.0466666666666
2016-02-20,420.22,443.6266666666667,419.84999999999997,435.46
2016-02-21,436.0266666666667,447.7966666666667,425.81666666666666,438.25333333333333
2016-02-22,438.24666666666667,438.8833333333334,431.27,437.74333333333334
2016-02-23,437.60999999999996,440.12999999999994,414.5733333333333,419.59666666666664
2016-02-24,419.7033333333334,424.71000000000004,410.0533333333333,423.24333333333334
2016-02-25,423.8866666666667,426.24,417.26000000000005,422.85999999999996
2016-02-26,422.99333333333334,430.8666666666666,418.71,430.8666666666666
2016-02-27,431.1366666666666,434.23,428.9266666666667,431.58
2016-02-28,431.57666666666665,434.91,422.31666666666666,432.1333333333334
2016-02-29,431.4866666666667,440.74333333333334,429.19,435.68666666666667
2016-03-01,436.2366666666667,437.35999999999996,427.25666666666666,432.82333333333327
2016-03-02,433.04999999999995,434.67333333333335,419.9066666666667,421.65333333333336
2016-03-03,421.25333333333333,423.4533333333333,413.42333333333335,419.54333333333335
2016-03-04,419.50333333333333,422.8999999999999,406.3033333333333,407.5833333333333
2016-03-05,406.995,408.38225,384.37275,396.40524999999997
2016-03-06,396.29999999999995,410.03175,388.9675,403.19475000000006
2016-03-07,403.38225,415.48749999999995,399.16875,412.16
2016-03-08,412.31825000000003,414.97175000000004,408.03499999999997,411.7925
2016-03-09,411.6625,413.89874999999995,408.3,412.4325
2016-03-10,412.0375,419.93049999999994,409.8575,416.01
2016-03-11,416.0875,422.0175,415.215,419.63975000000005
2016-03-12,419.375,420.80224999999996,406.705,409.76874999999995
2016-03-13,410.01025000000004,415.75624999999997,409.2975,411.495
2016-03-14,411.91525,415.79900000000004,410.3175,414.81275
2016-03-15,414.73749999999995,417.05225,412.37325,415.50250000000005
2016-03-16,415.58,417.1,413.31275,416.6365
2016-03-17,416.7215,420.4525,416.0825,418.803
2016-03-18,419.07124999999996,419.384,403.08774999999997,408.60025
2016-03-19,408.418,410.50325,404.96175000000005,409.59749999999997
2016-03-20,409.585,413.5895,408.71750000000003,411.85224999999997
2016-03-21,411.46225000000004,412.57725000000005,407.159,411.83450000000005
2016-03-22,411.62750000000005,417.4875,410.89975,416.8175
2016-03-23,417.07,418.5725,413.82,417.01750000000004
2016-03-24,416.894,417.65250000000003,412.4225,414.415
2016-03-25,414.41999999999996,417.51225,412.39500000000004,415.72025
2016-03-26,415.82275000000004,417.53749999999997,414.685,417.03075
2016-03-27,417.11575,427.70475,416.0625,424.95175
2016-03-28,424.868,425.28999999999996,420.62350000000004,422.81499999999994
2016-03-29,422.82750000000004,425.32975000000005,407.02250000000004,416.0925
2016-03-30,415.5825,416.00500000000005,408.70324999999997,413.073
2016-03-31,413.2405,418.037,412.53549999999996,415.6425
2016-04-01,415.78999999999996,417.68975,414.3625,417.23499999999996
2016-04-02,417.28999999999996,421.0575,417.04,419.84250000000003
2016-04-03,419.83525000000003,420.3825,416.90975000000003,419.69425
2016-04-04,419.4575,420.5025,416.62799999999993,419.59000000000003
2016-04-05,419.23749999999995,423.5625,418.22999999999996,422.66999999999996
2016-04-06,422.74,423.60275,420.845,421.9625
2016-04-07,421.7575,423.005,419.3125,421.4
2016-04-08,421.4825,424.765,416.7425,418.91274999999996
2016-04-09,418.86033333333336,419.75,414.17,418.593
2016-04-10,418.715,422.8996666666667,417.8733333333333,421.41333333333336
2016-04-11,421.4466666666667,423.76666666666665,419.45866666666666,423.3866666666667
2016-04-12,423.24666666666667,428.93266666666665,422.37999999999994,426.68333333333334
2016-04-13,426.6033333333333,427.7166666666667,422.61999999999995,424.34933333333333
2016-04-14,424.47,426.03299999999996,422.81624999999997,425.08475
2016-04-15,425.35749999999996,430.30999999999995,424.25174999999996,429.59250000000003
2016-04-16,429.3695,433.07625,416.74299999999994,430.50225
2016-04-17,430.83000000000004,431.77150000000006,414.162,428.0825
2016-04-18,427.9075,430.672,426.7875,428.73750000000007
2016-04-19,428.71750000000003,437.302,427.4875,436.26175
2016-04-20,436.11225,443.8225,434.55250000000007,441.72374999999994
2016-04-21,441.81125000000003,452.56725,440.525,451.067
2016-04-22,450.8315,451.4725,443.4325,447.92475
2016-04-23,447.43825,452.18525,445.07899999999995,452.08025000000004
2016-04-24,452.07775000000004,463.005,448.7125,460.245
2016-04-25,460.25,470.2375,454.435,463.353
2016-04-26,463.9345,470.31,462.65374999999995,468.36
2016-04-27,467.9675,469.2795,443.0325,444.93499999999995
2016-04-28,445.56999999999994,450.96875,435.26425,449.9275
2016-04-29,450.27250000000004,457.5175,446.685,457.295
2016-04-30,457.365,457.7025,447.78999999999996,450.2914999999999
2016-05-01,450.3285,454.67975,448.34775,453.61300000000006
2016-05-02,453.885,454.64,439.84749999999997,444.95125
2016-05-03,444.9105,452.48749999999995,442.3375,451.39250000000004
2016-05-04,451.5375,451.96875,445.5725,447.62524999999994
2016-05-05,447.7745,450.21,446.45349999999996,448.93
2016-05-06,448.9325,463.50975,447.61024999999995,461.00775
2016-05-07,460.42,462.088,457.855,459.5625
2016-05-08,459.62250000000006,461.632,456.3495,459.84250000000003
2016-05-09,459.36,464.82000000000005,456.78999999999996,461.945
2016-05-10,462.10274999999996,463.4175,448.0625,451.91999999999996
2016-05-11,451.81225,456.67749999999995,450.815,452.995
2016-05-12,453.0075,455.5675,448.6135,455.5325
2016-05-13,455.43225000000007,457.03249999999997,452.523,456.14275
2016-05-14,456.52325,457.53475000000003,452.5715,455.95275
2016-05-15,455.86749999999995,459.60925,452.5875,458.21225000000004
2016-05-16,458.22675,458.635,450.89925,454.05975
2016-05-17,453.78999999999996,455.73,451.77250000000004,453.35074999999995
2016-05-18,453.01200000000006,456.20000000000005,452.48375000000004,453.4825000000001
2016-05-19,453.6,454.405,433.5825,435.14250000000004
2016-05-20,434.7,444.28475000000003,433.27275,441.65625
2016-05-21,442.78749999999997,443.9275,436.4955,442.76275
2016-05-22,442.62275,443.84000000000003,436.735,439.27250000000004
2016-05-23,439.3625,444.2255,437.4425,443.7875
2016-05-24,443.50249999999994,446.66125000000005,441.3725,445.124
2016-05-25,445.0625,450.205,444.76,449.3525
2016-05-26,449.23,453.5975,446.97249999999997,453.22975
2016-05-27,453.23225,477.9775,453.07725,472.03024999999997
2016-05-28,471.66775,535.1,465.1725,521.355
2016-05-29,522.4745,544.4875,486.8375,520.3305
2016-05-30,521.6447499999999,538.7775,516.17425,530.195
2016-05-31,530.4,546.3074999999999,516.5337499999999,531.4825000000001
2016-06-01,531.4509999999999,542.4399999999999,515.58875,535.8387500000001
2016-06-02,535.8777500000001,540.60625,531.66825,537.843
2016-06-03,537.8145,577.3225,536.50775,569.975
2016-06-04,570.2305,590.5575,561.8275,574.05175
2016-06-05,574.3652500000001,583.51225,568.01475,574.406
2016-06-06,574.1207499999999,586.67975,574.07825,585.12
2016-06-07,585.1500000000001,591.325,542.635,578.19
2016-06-08,578.325,582.1475,572.53225,581.1075000000001
2016-06-09,582.3475000000001,583.0125,572.8765000000001,576.1610000000001
2016-06-10,576.7465,580.9625,573.0845,579.0225
2016-06-11,579.091,611.144,578.4775,610.63275
2016-06-12,610.5565,683.4417500000001,605.0550000000001,671.91325
2016-06-13,671.495,721.5084999999999,658.54275,705.0547499999999
2016-06-14,704.72225,705.1475,653.3135,685.42
2016-06-15,684.9912499999999,697.4159999999999,672.5095,696.4449999999999
2016-06-16,696.69,775.1972499999999,695.2825,766.6419999999999
2016-06-17,767.80975,777.6075,708.365,749.1374999999999
2016-06-18,749.0849999999999,781.287,728.41175,756.4024999999999
2016-06-19,756.3525,766.7099999999999,742.5999999999999,763.9200000000001
2016-06-20,762.458,765.43925,718.0525,723.47
2016-06-21,722.38775,727.365,628.76575,667.16625
2016-06-22,666.2874999999999,679.22325,581.885,603.4965
2016-06-23,602.8775,634.4075,413.596,626.5537499999999
2016-06-24,626.29325,706.6175,625.64,667.45825
2016-06-25,667.2225,694.55625,643.411,668.05325
2016-06-26,667.6125,670.00125,616.29675,632.3399999999999
2016-06-27,632.34725,660.039,624.035,659.24225
2016-06-28,659.7925,664.05175,637.2725,647.5229999999999
2016-06-29,646.615,646.9947500000001,622.8109999999999,639.18725
2016-06-30,638.7317499999999,674.105,633.2475,671.2360000000001
2016-07-01,670.9200000000001,687.4209999999999,664.75025,676.1325
2016-07-02,676.1975,703.8725000000001,675.22,702.785
2016-07-03,703.2700000000001,703.9,647.8,659.3425
2016-07-04,659.89525,683.795,645.7649999999999,679.86275
2016-07-05,680.2545,682.672,661.6765,669.0575
2016-07-06,669.26,680.5375,665.26,676.7
2016-07-07,677.1375,680.965,609.85225,640.015
2016-07-08,640.3774999999999,667.83075,636.23,666.5915
2016-07-09,666.608,666.913,620.3525,652.1175000000001
2016-07-10,652.045,654.095,640.00875,650.3425000000001
2016-07-11,650.9599999999999,662.3087499999999,644.58875,650.4925000000001
2016-07-12,650.5375,676.015,647.37,664.9825
2016-07-13,664.7724999999999,670.04375,653.6875,655.0
2016-07-14,653.915,664.704,648.02,660.9599999999999
2016-07-15,660.87,669.22225,659.5649999999999,665.2425000000001
2016-07-16,665.425,668.258,658.8125,664.1925000000001
2016-07-17,664.1625,681.2950000000001,662.825,679.1
2016-07-18,678.46,683.62,667.6484999999999,673.9375
2016-07-19,673.835,676.3275,666.569,673.818
2016-07-20,674.01025,675.1845,661.9,666.82525
2016-07-21,666.97,668.19225,660.13775,665.7025
2016-07-22,665.35475,668.25975,645.68625,651.7775
2016-07-23,651.3325,658.8075,648.75475,656.6845
2016-07-24,656.712,666.0745,652.7475,661.9114999999999
2016-07-25,661.025,663.39875,652.689,654.8315
2016-07-26,655.44575,658.0875000000001,644.6275,652.31
2016-07-27,652.375,660.578,647.3874999999999,655.81475
2016-07-28,656.13975,659.46,653.1365000000001,655.5375
2016-07-29,655.8575000000001,658.57975,652.35925,656.3225000000001
2016-07-30,656.43475,658.20925,652.3725,655.2375000000001
2016-07-31,654.57,655.60975,621.585,627.0925
2016-08-01,627.0,630.529,602.163,605.1152500000001
2016-08-02,605.508,613.034,477.32,539.4975
2016-08-03,540.00725,572.6625,520.29025,568.3525
2016-08-04,567.9314999999999,590.07725,560.2492500000001,581.87575
2016-08-05,582.5324999999999,585.0425,566.802,576.79
2016-08-06,576.8725,593.212,568.6765,590.6395
2016-08-07,590.93975,601.1045,581.1099999999999,594.38
2016-08-08,594.3299999999999,595.4295,586.6375,592.1327500000001
2016-08-09,592.18025,592.8375,583.0749999999999,585.0425
2016-08-10,585.087,602.461,582.2175,592.4625
2016-08-11,592.1177500000001,598.745,586.5675,587.1525
2016-08-12,587.4975,590.96175,581.94,587.2199999999999
2016-08-13,586.515,590.1075,583.21525,585.3225
2016-08-14,585.025,585.3775,562.3325,571.775
2016-08-15,571.8225,575.415,559.43225,566.99
2016-08-16,566.8975,582.62575,565.217,577.7
2016-08-17,577.6275,580.12775,568.8077499999999,573.1274999999999
2016-08-18,573.2272499999999,577.515,571.10275,573.815
2016-08-19,573.0725,576.9092499999999,567.5425,573.435
2016-08-20,573.73,582.835,571.6199999999999,580.8
2016-08-21,580.31025,584.7750000000001,578.00225,580.2524999999999
2016-08-22,580.21525,587.9155,577.6425,584.5225
2016-08-23,584.6675,587.0125,577.865,581.9449999999999
2016-08-24,582.4575,583.72575,576.8575000000001,579.26475
2016-08-25,579.02225,579.87175,571.855,576.1
2016-08-26,576.1425,580.518,574.261,578.925
2016-08-27,578.655,579.1287500000001,566.25775,569.675
2016-08-28,569.1975,575.80375,568.3009999999999,574.5382500000001
2016-08-29,575.5250000000001,577.4375,570.20525,573.2405
2016-08-30,572.383,578.22,571.1215,576.5400000000001
2016-08-31,576.1025000000001,576.8975,569.5150000000001,572.695
2016-09-01,572.6925,573.825,568.19875,572.0775
2016-09-02,571.9,576.1750000000001,567.7715000000001,574.6825
2016-09-03,574.62075,600.55625,571.90275,598.125
2016-09-04,598.41,613.105,594.82925,608.005
2016-09-05,609.2972500000001,610.05225,598.67275,606.3285000000001
2016-09-06,606.6859999999999,612.39225,603.8475,611.43525
2016-09-07,611.797,617.02875,607.265,615.83375
2016-09-08,615.6982499999999,631.2125000000001,613.4624999999999,627.24725
2016-09-09,626.37825,627.8937500000001,617.27725,623.1275
2016-09-10,623.0125,626.28525,620.40275,623.1822500000001
2016-09-11,623.1422500000001,630.4775,594.5730000000001,607.234
2016-09-12,607.45475,610.03525,603.86825,608.25925
2016-09-13,607.8792500000001,611.64725,605.30025,609.73725
2016-09-14,608.76,612.50625,607.7025,610.10275
2016-09-15,609.705,610.9075,605.0527500000001,607.0655
2016-09-16,607.77675,609.8,604.57925,607.0999999999999
2016-09-17,607.94075,608.6385,603.55825,606.1474999999999
2016-09-18,606.6374999999999,611.12475,605.37,610.02975
2016-09-19,610.1375,611.5925000000001,605.61475,608.83
2016-09-20,609.34725,609.95,603.2425000000001,603.2425000000001
2016-09-21,602.639,602.6790000000001,592.3655,596.995
2016-09-22,596.75875,598.2995,594.1532500000001,595.36825
2016-09-23,595.32025,603.41425,594.29,602.5495000000001
2016-09-24,602.29475,605.2105,600.2524999999999,602.1297500000001
2016-09-25,601.6825,603.54725,597.8325,600.182
2016-09-26,600.167,607.935,598.5225,607.4525
2016-09-27,607.4995,608.0872499999999,600.95475,605.27125
2016-09-28,605.64675,606.09725,602.27725,604.5722499999999
2016-09-29,604.5472500000001,607.271,603.11,606.1597499999999
2016-09-30,606.1320000000001,609.7925,604.0915,609.75
2016-10-01,609.74,616.09225,609.6125,614.33875
2016-10-02,614.3275,614.9000000000001,607.2445,610.97675
2016-10-03,610.9469999999999,613.8477499999999,609.205,612.7495
2016-10-04,613.1292500000001,613.2370000000001,607.08525,609.9300000000001
2016-10-05,609.927,614.1002500000001,608.19975,612.1865
2016-10-06,612.07725,613.33175,609.827,612.2815
2016-10-07,611.49875,619.6424999999999,609.893,617.33475
2016-10-08,617.36025,619.9404999999999,616.0775,618.22
2016-10-09,617.8299999999999,618.455,614.209,615.635
2016-10-10,615.33525,618.51,614.34225,617.8075
2016-10-11,617.925,643.28375,616.59,641.20875
2016-10-12,640.4839999999999,641.94875,632.3555,635.645
2016-10-13,635.5252499999999,638.78375,631.2875,634.87575
2016-10-14,635.31825,641.16,630.1015,639.135
2016-10-15,639.135,642.8425,636.3165,638.58475
2016-10-16,638.44475,643.3075,637.7325,641.275
2016-10-17,641.00775,642.25225,635.4300000000001,638.549
2016-10-18,638.565,638.9749999999999,632.9427499999999,636.0325
2016-10-19,636.017,638.0415,624.971,629.6925
2016-10-20,629.65725,631.4839999999999,626.39525,629.4475
2016-10-21,629.1475,634.59,628.3199999999999,631.46
2016-10-22,631.48975,658.465,628.83,654.62075
2016-10-23,655.2597499999999,657.6975,647.63825,650.9757500000001
2016-10-24,650.36375,653.515,644.11425,649.75
2016-10-25,650.1325,659.655,647.9025,653.9247499999999
2016-10-26,653.90725,677.4425,653.24325,674.8544999999999
2016-10-27,674.702,687.9209999999999,671.37475,687.062
2016-10-28,686.97275,690.1435,681.36275,688.8825
2016-10-29,689.04,720.9100000000001,687.8955000000001,713.7625
2016-10-30,712.8322499999999,713.18725,690.6299999999999,697.63925
2016-10-31,697.10975,708.46975,682.8425,697.6972499999999
2016-11-01,697.715,737.2470000000001,696.6,730.2835
2016-11-02,730.0854999999999,744.1675,720.6325,744.1675
2016-11-03,744.4200000000001,746.7774999999999,672.8967500000001,689.0597500000001
2016-11-04,689.1455000000001,708.7470000000001,683.0352499999999,704.7615000000001
2016-11-05,704.7565,709.50275,697.432,705.752
2016-11-06,705.8425,718.3445,702.47975,714.1042499999999
2016-11-07,713.6175000000001,713.7907500000001,700.4325,705.42875
2016-11-08,704.6030000000001,715.3050000000001,702.898,710.8575000000001
2016-11-09,710.7125,742.8430000000001,708.2955,721.68
2016-11-10,721.6575,723.3240000000001,706.7525,713.825
2016-11-11,713.74575,719.505,712.488,716.76
2016-11-12,716.8,717.4775,702.2845,703.795
2016-11-13,703.51475,705.4759999999999,685.70175,702.6075
2016-11-14,702.7025000000001,708.1325,697.69525,706.4935
2016-11-15,706.89725,716.7075,696.09025,711.7624999999999
2016-11-16,711.4875000000001,744.7925,709.495,741.14075
2016-11-17,740.63625,754.611,732.3824999999999,735.0975000000001
2016-11-18,735.0045,752.305,731.335,749.968
2016-11-19,749.968,756.12,738.8225,751.1725
2016-11-20,751.01,754.5175,714.0525,729.45425
2016-11-21,729.9525,739.885,728.8074999999999,737.29
2016-11-22,737.32725,750.346,731.38,748.3775
2016-11-23,748.4200000000001,748.97,732.1825,741.5775
2016-11-24,741.5047500000001,743.6025,728.85,737.64
2016-11-25,737.8597500000001,740.0975,729.4637500000001,739.82
2016-11-26,739.7972500000001,740.27,725.125,733.4074999999999
2016-11-27,733.1475,736.7149999999999,726.645,728.855
2016-11-28,729.2962500000001,735.33775,727.9849999999999,731.65
2016-11-29,732.1157499999999,734.70625,727.3074999999999,731.7950000000001
2016-11-30,731.93,745.43725,729.69625,742.2864999999999
2016-12-01,742.3515,754.95,741.275,752.96725
2016-12-02,753.34725,779.4540000000001,752.6632500000001,771.0047500000001
2016-12-03,771.52275,772.07975,756.77,764.47875
2016-12-04,765.25425,768.1975,759.8125,766.4975
2016-12-05,766.485,766.895,745.7470000000001,751.33725
2016-12-06,750.94475,759.4075,750.06775,758.12575
2016-12-07,758.94,769.37,753.0129999999999,764.5169999999999
2016-12-08,764.2726666666667,774.493,762.1736666666666,767.2693333333333
2016-12-09,767.4513333333333,774.373,766.2633333333333,770.4326666666666
2016-12-10,771.0726666666666,775.7049999999999,769.803,773.0633333333334
2016-12-11,773.2303333333333,773.2336666666666,763.0666666666666,769.2803333333335
2016-12-12,769.1616666666667,780.0976666666666,768.284,777.3446666666665
2016-12-13,777.4853333333334,789.6433333333333,766.7603333333333,776.3566666666667
2016-12-14,776.32,780.7853333333333,771.8366666666667,776.8563333333333
2016-12-15,776.84,779.506,773.8919999999999,776.35
2016-12-16,776.6033333333334,783.2163333333334,773.0966666666667,782.6433333333334
2016-12-17,782.6433333333334,791.96,782.1633333333333,790.1063333333333
2016-12-18,790.0363333333333,791.69,783.64,790.2669999999999
2016-12-19,789.3836666666666,793.5799999999999,788.4966666666666,790.9200000000001
2016-12-20,790.6419999999999,802.9796666666667,788.3633333333333,799.3296666666666
2016-12-21,799.2263333333334,831.8766666666667,796.6613333333335,831.1366666666667
2016-12-22,830.8996666666667,875.998,827.3000000000001,859.6533333333333
2016-12-23,859.3366666666667,920.0299999999999,858.98,915.5100000000001
2016-12-24,916.1033333333334,920.0096666666667,882.46,893.5066666666667
2016-12-25,894.4029999999999,897.9879999999999,857.186,895.163
2016-12-26,895.13,912.4766666666668,890.9900000000001,901.587
2016-12-27,902.9430000000001,938.4,897.7599999999999,931.7800000000001
2016-12-28,933.0913333333333,978.6366666666667,932.2800000000001,977.9003333333334
2016-12-29,978.5233333333332,982.69,950.1700000000001,971.9633333333335
2016-12-30,971.9533333333333,971.9566666666666,927.169,961.223
2016-12-31,960.6266666666666,969.1153333333333,943.9576666666667,967.4566666666666
2017-01-01,967.9033333333333,1005.6666666666666,962.0533333333333,997.147
2017-01-02,998.5356666666667,1033.357,994.1466666666666,1016.5236666666666
2017-01-03,1016.8389999999999,1038.3093333333334,1008.5166666666668,1035.0533333333333
2017-01-04,1035.3963333333334,1145.2066666666667,1019.0099999999999,1127.7696666666668
2017-01-05,1127.9563333333333,1147.8733333333332,884.8066666666667,1004.5300000000001
2017-01-06,1004.5866666666666,1037.542,872.7946666666667,895.0409999999998
2017-01-07,896.15,908.2393333333333,812.2666666666668,905.3966666666666
2017-01-08,906.948,941.3393333333333,886.9633333333333,914.1096666666666
2017-01-09,910.9736666666666,915.5563333333333,877.0666666666666,900.2933333333334
2017-01-10,900.264,915.5723333333334,895.3033333333333,906.7223333333333
2017-01-11,906.9996666666666,921.85,758.504,782.6313333333333
2017-01-12,780.3633333333333,834.663,752.447,807.3846666666667
2017-01-13,808.1196666666666,834.6700000000001,775.8866666666667,829.2533333333334
2017-01-14,829.66,842.2786666666667,811.2766666666666,819.6303333333332
2017-01-15,821.0363333333333,827.52,810.6433333333333,824.6496666666667
2017-01-16,824.2536666666668,837.6266666666667,820.3616666666667,832.922
2017-01-17,833.538,912.44,830.8133333333334,906.0676666666667
2017-01-18,906.9699999999999,916.66,851.8903333333334,889.337
2017-01-19,889.2973333333333,909.0533333333333,883.4033333333333,900.7933333333334
2017-01-20,901.3926666666666,905.8913333333334,883.3066666666667,896.2296666666666
2017-01-21,895.663,928.2003333333333,895.0873333333333,923.6393333333334
2017-01-22,923.6326666666668,938.7333333333332,889.4233333333333,922.9833333333332
2017-01-23,924.8000000000001,928.1633333333333,913.174,915.0593333333333
2017-01-24,914.9566666666666,925.5,883.332,886.5383333333333
2017-01-25,885.7800000000001,903.5016666666667,885.4513333333333,894.7066666666666
2017-01-26,894.6466666666665,920.5066666666667,894.041,914.9186666666668
2017-01-27,915.2466666666666,924.2433333333333,908.9033333333333,919.9663333333333
2017-01-28,919.6833333333334,922.4666666666666,915.4733333333334,918.993
2017-01-29,919.7896666666667,922.0066666666667,912.9406666666667,914.3006666666666
2017-01-30,914.4133333333333,923.6266666666667,912.87,920.61
2017-01-31,920.6266666666667,972.4996666666666,918.834,968.053
2017-02-01,967.5286666666666,988.4433333333333,963.6696666666667,986.6596666666666
2017-02-02,986.9,1012.2136666666667,976.7016666666667,1008.712
2017-02-03,1008.06,1028.443,987.9236666666666,1016.6333333333333
2017-02-04,1016.547,1043.9203333333332,1003.7520000000001,1031.5410000000002
2017-02-05,1032.7113333333334,1034.2166666666665,1005.0533333333333,1013.8753333333334
2017-02-06,1012.5333333333334,1032.5100000000002,1010.0266666666666,1025.09
2017-02-07,1025.6033333333332,1055.2533333333333,1023.0543333333334,1051.8893333333333
2017-02-08,1052.9379999999999,1070.2833333333333,1023.6333333333333,1053.3793333333335
2017-02-09,1053.1223333333335,1077.9,932.4219999999999,988.4033333333333
2017-02-10,988.0169999999999,1010.2266666666666,954.306,998.8553333333333
2017-02-11,997.1779999999999,1018.2460000000001,991.0003333333334,1011.558
2017-02-12,1010.503,1011.9416666666666,996.79,1001.2223333333333
2017-02-13,1001.1176666666667,1008.9066666666666,979.2066666666666,999.1803333333334
2017-02-14,1000.1426666666666,1021.0533333333333,990.4879999999999,1012.5906666666666
2017-02-15,1012.1466666666665,1016.9866666666667,1002.4673333333334,1013.3966666666666
2017-02-16,1013.9996666666666,1043.0033333333333,1013.15,1035.664
2017-02-17,1035.2773333333334,1064.061,1032.4026666666666,1054.8716666666667
2017-02-18,1054.9466666666667,1071.2613333333334,1050.28,1058.793
2017-02-19,1058.5266666666666,1062.5766666666666,1042.7073333333333,1053.89
2017-02-20,1053.9826666666665,1090.1056666666666,1045.2269999999999,1086.5600000000002
2017-02-21,1084.8933333333334,1129.2103333333332,1077.8933333333334,1126.246
2017-02-22,1125.4203333333332,1140.6963333333333,1101.0233333333333,1127.4596666666666
2017-02-23,1126.2106666666666,1193.88,1121.7573333333332,1182.7766666666666
2017-02-24,1182.907,1216.9676666666667,1083.9126666666666,1183.2033333333336
2017-02-25,1179.3746666666666,1185.2066666666667,1125.1176666666668,1150.4113333333335
2017-02-26,1150.7246666666667,1186.97,1132.55,1175.7966666666669
2017-02-27,1176.28,1197.9669999999999,1168.08,1193.3403333333333
2017-02-28,1194.0500000000002,1210.2966666666666,1177.2259999999999,1187.4666666666667
2017-03-01,1187.8793333333335,1229.0526666666667,1184.083,1225.8500000000001
2017-03-02,1227.6333333333334,1283.1283333333333,1213.3003333333334,1256.3
2017-03-03,1256.05,1292.6466666666668,1248.5926666666667,1284.573
2017-03-04,1285.256666666667,1287.7783333333334,1234.5196666666666,1263.5586666666668
2017-03-05,1264.49,1279.0413333333333,1242.7783333333334,1274.6613333333332
2017-03-06,1273.6633333333332,1283.53,1261.128,1278.4966666666667
2017-03-07,1278.4646666666667,1281.5933333333332,1169.3993333333335,1229.8423333333333
2017-03-08,1233.2916666666665,1242.2,1141.5140000000001,1148.1923333333334
2017-03-09,1147.9093333333333,1207.2986666666666,1123.1966666666667,1190.318
2017-03-10,1189.5136666666665,1330.0006666666666,972.6666666666666,1114.3933333333334
2017-03-11,1110.8043333333335,1195.7026666666666,1107.0206666666666,1178.0063333333335
2017-03-12,1177.9666666666665,1238.3006666666668,1161.76,1227.3496666666665
2017-03-13,1227.1696666666667,1246.3593333333333,1203.506666666667,1239.54
2017-03-14,1239.587,1259.5973333333332,1224.6666666666667,1245.0583333333332
2017-03-15,1245.959,1259.6666666666667,1240.231,1256.5266666666666
2017-03-16,1256.8966666666665,1258.2933333333333,1094.99,1171.1933333333334
2017-03-17,1169.8,1170.21,1037.6966666666667,1053.993333333333
2017-03-18,1055.7830000000001,1092.5896666666665,936.9836666666666,963.7493333333333
2017-03-19,963.1163333333334,1053.1160000000002,960.7486666666667,1017.2423333333335
2017-03-20,1012.0466666666667,1048.7226666666668,974.4633333333333,1035.39
2017-03-21,1035.9396666666669,1116.9453333333333,1035.503,1112.656
2017-03-22,1112.9033333333334,1113.9966666666667,984.4086666666667,1035.5533333333333
2017-03-23,1035.2866666666666,1052.9733333333334,1011.3266666666667,1027.5600000000002
2017-03-24,1028.2806666666665,1031.97,918.0033333333334,928.2906666666668
2017-03-25,926.0589999999999,965.0466666666667,887.8636666666666,956.703
2017-03-26,956.7966666666666,995.2330000000001,931.015,951.9383333333334
2017-03-27,958.65,1043.009,948.8376666666667,1039.967
2017-03-28,1039.7169999999999,1066.61,1015.7689999999999,1043.917
2017-03-29,1043.5133333333333,1057.33,1008.3526666666667,1039.6666666666667
2017-03-30,1040.107,1053.0833333333333,1020.64,1037.3333333333333
2017-03-31,1037.477,1086.2296666666666,1036.6903333333332,1076.4366666666667
2017-04-01,1076.8633333333335,1102.636,1066.7966666666669,1088.3853333333334
2017-04-02,1089.816,1109.6516666666666,1074.8066666666666,1095.9063333333334
2017-04-03,1095.6936666666666,1154.4666666666667,1095.407,1146.7493333333334
2017-04-04,1148.2223333333334,1162.526,1123.0466666666666,1142.5026666666665
2017-04-05,1142.923,1145.6276666666665,1112.7896666666668,1135.5966666666666
2017-04-06,1136.3566666666666,1203.7213333333332,1136.1899999999998,1191.0566666666666
2017-04-07,1190.1000000000001,1202.3333333333333,1176.0276666666666,1191.5600000000002
2017-04-08,1192.3376666666666,1198.693,1168.5966666666666,1183.3766666666668
2017-04-09,1183.66225,1216.9675,1175.3805,1209.08
2017-04-10,1208.8100000000002,1218.1325,1197.12725,1210.9625
2017-04-11,1211.6599999999999,1232.4305,1200.2075,1222.74475
2017-04-12,1222.8247499999998,1227.74775,1210.16125,1215.3297499999999
2017-04-13,1215.18125,1219.61,1148.2825,1175.5925
2017-04-14,1176.1372499999998,1195.723,1160.24575,1177.01775
2017-04-15,1176.495,1194.02,876.24425,1176.527
2017-04-16,1175.9575,1187.4275000000002,1166.7925,1175.0745000000002
2017-04-17,1174.9834999999998,1199.3690000000001,1169.3025,1189.7325
2017-04-18,1191.482,1209.805,1188.945,1202.042
2017-04-19,1202.0325000000003,1211.96825,1193.3525,1207.9475
2017-04-20,1209.15,1242.9895000000001,1205.5025,1236.46675
2017-04-21,1236.81075,1254.8375,1234.525,1247.14975
2017-04-22,1247.13875,1249.28375,1210.815,1238.8295
2017-04-23,1238.4167499999999,1248.4975,1229.7325,1245.3575
2017-04-24,1245.9425,1257.414,1238.4492500000001,1253.9565
2017-04-25,1254.0475,1281.925,1252.1599999999999,1276.0
2017-04-26,1276.4872500000001,1319.87025,1272.51275,1292.37275
2017-04-27,1292.1325,1348.3465,1290.27275,1338.1125
2017-04-28,1338.47575,1358.2675,1297.8775,1339.1200000000001
2017-04-29,1338.525,1350.9697500000002,1318.8825000000002,1346.0815
2017-04-30,1346.32925,1367.7225,1321.1225,1361.96925
2017-05-01,1359.66775,1445.1460000000002,1342.49,1410.776
2017-05-02,1410.6867499999998,1481.5572499999998,1401.4965,1458.7525
2017-05-03,1458.4302500000001,1523.07675,1444.20675,1515.88225
2017-05-04,1516.1495,1633.8899999999999,1460.6399999999999,1546.54375
2017-05-05,1546.062,1613.26525,1506.61125,1534.0327499999999
2017-05-06,1531.94575,1585.21475,1529.15625,1564.3255000000001
2017-05-07,1563.188,1585.41825,1501.0625,1564.5784999999998
2017-05-08,1566.1735,1672.34225,1555.4005,1669.34975
2017-05-09,1666.6412500000001,1774.7577500000002,1625.5985,1720.16725
2017-05-10,1720.48025,1794.435,1688.4250000000002,1783.665
2017-05-11,1784.00475,1888.154,1758.11725,1833.47475
2017-05-12,1832.59025,1835.57775,1648.7325,1695.2745
2017-05-13,1694.8419999999999,1790.24325,1607.16775,1783.8300000000002
2017-05-14,1785.45,1820.0,1757.9775,1791.5075
2017-05-15,1791.04,1794.6725,1694.2975000000001,1731.615
2017-05-16,1731.545,1778.7555,1685.7825000000003,1760.335
2017-05-17,1757.35025,1847.605,1731.36825,1808.8015
2017-05-18,1808.1174999999998,2064.48,1795.573,1891.2124999999999
2017-05-19,1891.05525,1972.2559999999999,1872.97125,1965.06075
2017-05-20,1965.33075,2035.82175,1950.815,2028.0034999999998
2017-05-21,2027.99875,2078.15675,1974.75,2021.324
2017-05-22,2019.94175,2242.8955,1968.5225,2103.543
2017-05-23,2098.4080000000004,2266.747,2092.52275,2256.50925
2017-05-24,2257.78375,2474.04,2255.28425,2415.1
2017-05-25,2429.12,2757.29925,2219.5025,2310.3475
2017-05-26,2308.26,2626.4982499999996,2050.4625,2254.9697499999997
2017-05-27,2255.20675,2332.5725,1868.9075,2059.1375
2017-05-28,2057.104,2312.9875,2056.2615,2194.09075
2017-05-29,2183.83075,2353.815,2112.1677499999996,2280.4632500000002
2017-05-30,2283.44,2334.085,2139.14,2189.44175
2017-05-31,2192.88375,2335.1322499999997,2158.645,2299.44025
2017-06-01,2300.51775,2467.7425,2299.16525,2411.6825
2017-06-02,2412.8452500000003,2484.95,2375.4184999999998,2482.31825
2017-06-03,2481.8804999999998,2589.08075,2448.35225,2546.2872500000003
2017-06-04,2545.3680000000004,2564.8575,2472.325,2526.5777500000004
2017-06-05,2527.6095,2694.93075,2521.8250000000003,2694.0
2017-06-06,2694.24975,2932.1345,2685.40225,2872.1299999999997
2017-06-07,2872.4375000000005,2885.48,2613.81,2690.40525
2017-06-08,2687.448,2813.6055,2615.1324999999997,2807.05775
2017-06-09,2806.4397500000005,2863.97475,2787.2325,2814.06925
2017-06-10,2814.33075,2915.736,2796.03525,2886.85225
2017-06-11,2886.596,2964.112,2844.76325,2958.77725
2017-06-12,2958.879,2973.5225,2571.375,2720.398
2017-06-13,2640.257333333333,2786.9246666666672,2629.6966666666663,2707.3433333333337
2017-06-14,2708.3366666666666,2808.6343333333334,2322.81,2444.9653333333335
2017-06-15,2446.744,2517.3203333333336,2081.7763333333332,2421.199
2017-06-16,2421.22,2530.3333333333335,2301.2703333333334,2478.471
2017-06-17,2478.4786666666664,2677.213333333333,2418.460333333334,2635.7276666666667
2017-06-18,2637.2793333333334,2668.386,2458.543666666667,2509.9973333333332
2017-06-19,2510.9846666666667,2595.6666666666665,2482.5673333333334,2593.2793333333334
2017-06-20,2593.283,2775.9833333333336,2581.806666666667,2723.3933333333334
2017-06-21,2721.4133333333334,2778.5176666666666,2580.17,2648.4526666666666
2017-06-22,2648.989666666667,2733.3333333333335,2593.7190000000005,2692.819
2017-06-23,2692.7966666666666,2737.6666666666665,2660.8573333333334,2681.27
2017-06-24,2681.27,2715.039333333333,2505.06,2559.9770000000003
2017-06-25,2562.537333333333,2620.749,2423.35,2499.255333333334
2017-06-26,2499.3320000000003,2549.9030000000002,2261.116666666667,2411.3766666666666
2017-06-27,2411.1646666666666,2560.268,2270.6693333333333,2559.5866666666666
2017-06-28,2558.7433333333333,2599.3333333333335,2456.4823333333334,2555.6803333333332
2017-06-29,2552.711333333333,2588.9193333333333,2501.471,2532.554666666667
2017-06-30,2531.8813333333333,2555.514333333333,2438.8126666666667,2455.226666666667
2017-07-01,2454.6766666666667,2510.7033333333334,2384.67,2409.6626666666666
2017-07-02,2412.7933333333335,2532.9066666666663,2367.78,2508.8669999999997
2017-07-03,2507.0303333333336,2589.259666666667,2473.8806666666665,2546.5366666666664
2017-07-04,2543.0699999999997,2641.0733333333333,2542.993,2599.0636666666664
2017-07-05,2598.0760000000005,2627.208666666667,2539.0570000000002,2610.4156666666663
2017-07-06,2608.69,2619.18,2559.342666666667,2603.6236666666664
2017-07-07,2603.566666666667,2608.8676666666665,2472.4003333333335,2503.179333333333
2017-07-08,2503.179333333333,2557.046333333333,2467.8070000000002,2553.009
2017-07-09,2552.662333333333,2568.302333333333,2498.1666666666665,2503.423666666667
2017-07-10,2503.7066666666665,2524.5516666666667,2258.9500000000003,2331.243
2017-07-11,2331.1223333333332,2404.3926666666666,2253.4883333333332,2306.0633333333335
2017-07-12,2317.75,2412.628,2262.2200000000003,2382.7915
2017-07-13,2382.0162499999997,2419.4235,2308.4049999999997,2339.2205
2017-07-14,2339.78275,2354.3345,2142.0025,2216.49925
2017-07-15,2214.5620000000004,2220.871,1963.2905,1967.9725
2017-07-16,1967.45975,2043.49,1796.8,1909.1147500000002
2017-07-17,1908.5875,2231.8,1906.2355,2227.9125000000004
2017-07-18,2225.205,2396.3375,2145.825,2304.6450000000004
2017-07-19,2306.24525,2399.625,2217.7560000000003,2259.912
2017-07-20,2262.4645,2940.105,2262.375,2862.098
2017-07-21,2865.2405,2878.8100000000004,2612.5374999999995,2666.8625
2017-07-22,2666.0150000000003,2860.4700000000003,2648.94025,2826.02525
2017-07-23,2824.66975,2844.5,2665.6475,2755.5299999999997
2017-07-24,2757.6650000000004,2798.80925,2715.70775,2759.697
2017-07-25,2759.5919999999996,2777.0914999999995,2447.85775,2561.1505
2017-07-26,2563.5525,2611.53825,2404.4030000000002,2525.27
2017-07-27,2525.69225,2691.03475,2508.724,2667.4705
2017-07-28,2668.4469999999997,2825.2435,2659.9027499999997,2786.415
2017-07-29,2788.85775,2792.88975,2656.812,2699.91725
2017-07-30,2698.0924999999997,2763.7325,2573.6800000000003,2748.4125000000004
2017-07-31,2749.49975,2898.47,2695.7475,2857.20575
2017-08-01,2857.2082499999997,2931.0425,2635.755,2732.42675
2017-08-02,2732.59375,2759.6085000000003,2650.5,2701.9675
2017-08-03,2701.9925000000003,2804.8725,2699.9775,2791.576
2017-08-04,2792.0260000000003,2880.185,2766.23025,2861.5845000000004
2017-08-05,2859.3917500000002,3339.415,2856.8675,3256.0399999999995
2017-08-06,3256.285,3291.7000000000003,3159.34,3227.3155
2017-08-07,3226.0110000000004,3429.97175,3190.385,3391.4124999999995
2017-08-08,3393.2025000000003,3489.37,3333.935,3421.4750000000004
2017-08-09,3420.1800000000003,3430.57,3225.5475,3349.9545
2017-08-10,3349.6050000000005,3453.0950000000003,3320.7925,3427.47225
2017-08-11,3427.00975,3718.40475,3397.429,3652.6974999999998
2017-08-12,3653.902,3962.125,3611.295,3870.9440000000004
2017-08-13,3872.1200000000003,4196.4675,3841.6895,4063.06
2017-08-14,4065.835,4352.1025,3974.6625000000004,4326.0005
2017-08-15,4328.07275,4436.362499999999,3809.37,4161.1775
2017-08-16,4161.29,4388.98,3933.72,4380.24
2017-08-17,4373.74,4475.9425,4181.2225,4280.8025
2017-08-18,4277.65,4358.594,3969.6725,4112.4125
2017-08-19,4109.965,4193.54325,3964.6265000000003,4146.2207499999995
2017-08-20,4145.9842499999995,4175.3525,4037.48,4062.3035
2017-08-21,4062.1677499999996,4093.8172499999996,3964.165,3996.531
2017-08-22,3996.647,4149.4285,3600.7275,4075.95
2017-08-23,4074.3374999999996,4255.195,4051.7375,4137.6925
2017-08-24,4143.18975,4357.4974999999995,4112.2175,4314.873
2017-08-25,4317.26225,4455.469999999999,4287.6375,4365.822249999999
2017-08-26,4364.68,4377.665,4251.145,4342.59725
2017-08-27,4344.78,4397.23725,4308.639999999999,4332.9974999999995
2017-08-28,4332.8769999999995,4398.035,4180.482,4384.451999999999
2017-08-29,4385.90975,4651.539000000001,4343.8625,4589.26225
2017-08-30,4589.2645,4638.85725,4494.82,4578.047500000001
2017-08-31,4578.3775,4764.8099999999995,4575.4,4736.9275
2017-09-01,4738.325,4933.25,4690.0775,4929.22
2017-09-02,4930.1525,4976.19,4502.375,4621.6449999999995
2017-09-03,4619.43,4755.7474999999995,4446.4515,4621.655
2017-09-04,4621.0975,4628.8775000000005,4147.2825,4344.84
2017-09-05,4349.9825,4520.7575,4100.77,4430.66
2017-09-06,4429.1900000000005,4677.54,4411.415,4618.297500000001
2017-09-07,4620.04,4685.135,4495.045,4629.865
2017-09-08,4629.815,4685.5275,4135.175,4345.525
2017-09-09,4349.4025,4416.6475,4178.5225,4323.8025
2017-09-10,4327.97,4342.0175,4067.8625,4251.110000000001
2017-09-11,4250.254999999999,4368.5875,4115.155,4211.555
2017-09-12,4209.477500000001,4380.317499999999,4087.15,4167.905
2017-09-13,4168.995000000001,4176.64,3734.2200000000003,3864.46
2017-09-14,3862.5,3929.7,3213.7625,3242.8725
2017-09-15,3241.7200000000003,3847.12,2977.895,3723.6625000000004
2017-09-16,3723.1099999999997,3934.8824999999997,3567.105,3702.7025
2017-09-17,3699.5125,3809.4525,3484.7475,3699.1099999999997
2017-09-18,3698.8199999999997,4126.887500000001,3695.1324999999997,4097.6425
2017-09-19,4100.1325,4119.2475,3852.7725,3902.275
2017-09-20,3900.8475,4049.1975,3832.4224999999997,3869.6274999999996
2017-09-21,3873.1525,3908.9700000000003,3573.69,3618.675
2017-09-22,3616.3,3762.27,3514.88,3612.2625
2017-09-23,3610.8724999999995,3816.41,3567.025,3785.4
2017-09-24,3785.595,3788.04,3626.5275,3668.2075
2017-09-25,3667.8825,3969.3875000000003,3665.7275,3919.9175
2017-09-26,3920.9475,3965.5,3851.83,3884.5375000000004
2017-09-27,3884.085,4229.03,3873.5049999999997,4202.27
2017-09-28,4204.8025,4269.965,4079.115,4188.3775000000005
2017-09-29,4188.75,4221.6025,4015.5475,4159.28
2017-09-30,4160.3625,4354.57,4149.3025,4334.285
2017-10-01,4334.25,4389.219999999999,4241.78,4385.5975
2017-10-02,4384.674999999999,4461.165,4357.9,4393.5175
2017-10-03,4393.5825,4424.2375,4232.865,4310.9075
2017-10-04,4311.855,4344.975,4178.725,4218.5225
2017-10-05,4218.25,4363.63,4146.6375,4314.3325
2017-10-06,4313.1775,4417.8025,4292.1224999999995,4363.3150000000005
2017-10-07,4361.58,4453.105,4316.8675,4426.327499999999
2017-10-08,4423.93,4608.9725,4411.76,4595.8525
2017-10-09,4596.452499999999,4869.0975,4549.5075,4762.7025
2017-10-10,4762.395,4911.655,4705.3425,4749.245
2017-10-11,4747.612499999999,4871.3375,4710.8675,4818.65
2017-10-12,4819.049999999999,5438.5575,4805.925,5438.2525000000005
2017-10-13,5437.71,5859.4575,5384.405000000001,5641.1925
2017-10-14,5640.852500000001,5812.3425,5561.805,5802.14
2017-10-15,5800.1175,5837.09,5440.105,5689.6
2017-10-16,5690.5725,5786.240000000001,5562.575,5746.265
2017-10-17,5749.8099999999995,5767.6775,5522.47,5598.7025
2017-10-18,5596.64,5611.8375,5110.3775000000005,5577.0625
2017-10-19,5576.8925,5737.485,5524.5575,5704.91
2017-10-20,5703.134999999999,6058.777499999999,5613.2125,5986.83
2017-10-21,5984.5075,6183.022499999999,5884.745,6023.7275
2017-10-22,6025.3125,6078.73,5734.764999999999,5990.395
2017-10-23,5986.35,6053.1025,5653.8575,5895.905
2017-10-24,5890.254999999999,5892.15,5472.047499999999,5528.915000000001
2017-10-25,5526.6449999999995,5760.2375,5375.6775,5743.805
2017-10-26,5745.09,5986.7775,5696.4349999999995,5890.36
2017-10-27,5889.549999999999,5994.4875,5695.6175,5777.49
2017-10-28,5781.224999999999,5883.302500000001,5675.797500000001,5740.865
2017-10-29,5741.58,6281.882500000001,5697.0975,6136.3025
2017-10-30,6136.1875,6219.2925,6027.9,6123.370000000001
2017-10-31,6124.985,6457.554999999999,6084.43,6439.592500000001
2017-11-01,6441.962500000001,6759.76,6355.15,6751.795
2017-11-02,6752.6325,7357.9,6726.87,7027.4825
2017-11-03,7030.7375,7466.464999999999,6928.9400000000005,7159.587500000001
2017-11-04,7157.9425,7513.6975,6984.8,7391.01
2017-11-05,7391.7175,7599.4525,7295.2075,7382.005
2017-11-06,7379.8675,7432.47,6917.0,6966.245000000001
2017-11-07,6966.56,7244.9075,6953.485,7127.139999999999
2017-11-08,7127.882500000001,7861.0,7071.477499999999,7464.7074999999995
2017-11-09,7464.727500000001,7483.642500000001,7074.6025,7151.922500000001
2017-11-10,7153.2925000000005,7359.445,6422.735,6580.1775
2017-11-11,6576.205,6835.352499999999,6204.7525000000005,6345.725
2017-11-12,6343.405000000001,6481.935,5505.915,5873.2775
2017-11-13,5859.030000000001,6821.0625,5826.2925,6528.225
2017-11-14,6529.897499999999,6754.8725,6486.092500000001,6619.692499999999
2017-11-15,6619.254999999999,7336.0775,6619.254999999999,7285.14
2017-11-16,7285.2425,7933.7375,7114.562500000001,7819.49
2017-11-17,7819.9625,7983.875,7526.0625,7693.945000000001
2017-11-18,7690.58,7848.7074999999995,7454.412499999999,7778.51
2017-11-19,7780.765,8071.5625,7680.825,8022.3725
2017-11-20,8021.8025,8279.66,7932.15,8237.0525
2017-11-21,8235.75,8359.1125,7788.4725,8103.910000000001
2017-11-22,8098.8375,8299.7475,8059.365,8237.372500000001
2017-11-23,8237.75,8278.93,8012.79,8015.04
2017-11-24,8014.705,8319.2425,7876.42,8198.1375
2017-11-25,8198.5925,8755.7725,8146.32,8747.1225
2017-11-26,8749.575,9467.3175,8694.46,9295.18
2017-11-27,9298.9175,9734.060000000001,9289.9225,9702.945
2017-11-28,9709.365,9955.5,9586.96,9888.5125
2017-11-29,9895.9075,11377.45,8956.6175,9844.125
2017-11-30,9839.8825,10737.0975,9063.365,9970.2825
2017-12-01,9962.355,10947.669999999998,9426.275,10870.28
2017-12-02,10864.5125,11163.3675,10677.5175,10900.7975
2017-12-03,10900.65,11817.0025,10522.67,11237.525
2017-12-04,11245.625,11639.0375,10918.032500000001,11630.035
2017-12-05,11630.037499999999,11859.7525,11469.1475,11706.2575
2017-12-06,11700.8975,13928.4075,11696.39,13775.794999999998
2017-12-07,13774.59,17267.655,13371.475,16667.93
2017-12-08,16667.93,17154.655000000002,13836.0475,16061.9625
2017-12-09,16058.5125,16274.497500000001,13162.7625,14915.822499999998
2017-12-10,14916.425,15882.244999999999,13180.0,15033.3175
2017-12-11,15047.685,17408.72,14999.83,16710.26
2017-12-12,16707.785,17639.6275,16244.2975,17150.734999999997
